caller_file	line	status	called	kind	invocation
README.md	129	active	bincount.py	python_script	python bincount.py AlignedReads.bam -x ref_genome -w bin_size -o out_fname
README.md	156	active	coverage.py	python_script	python coverage.py AlignedReads.bam -x ref_genome --chr chromosome -o out_fname --skip
README.md	180	active	NCPpeak.py	python_script	python NCPpeak.py AlignedReads.bam -x ref_genome --chr chromosome -o out_fname --skip
README.md	205	active	NCPcov.py	python_script	python NCPcov.py NCPpeakFile_peak.gtab CoverageFile_cov.gtab --chr chromosome -o out_fname
README.md	227	active	bindata.py	python_script	python bindata.py CoverageFile_cov.gtab -x ref_genome --Bsize bin_size --Bstep Bin_step --chr chromosome -o out_fname
README.md	252	active	NCPnum.py	python_script	python NCPnum.py BincountFile_bin.gtab | NCPcoverageFile_Ncov.gtab | BinnedDataFile_Bdata.gtab -t TitrationFile.csv --tnum TitrationNumber --chr chromosome -o out_fname
README.md	274	active	NCPscore.py	python_script	python NCPscore.py BincountFile_bin.gtab | NCPcoverageFile_Ncov.gtab | BinnedDataFile_Bdata.gtab -t TitrationFile.csv --tnum TitrationNumber --chr chromosome -o out_fname
README.md	298	active	logistic_fit.py	python_script	python logistic_fit.py NCPnumFile_num.gtab -t TitrationFile.csv --tnum TitrationNumber -m FittingModel -o out_fname
data/MouseEpigeneticData/E14_HistoneChipseq/batch_chromHMM_input.py	102	active			subprocess.call(cmd)
data/MouseEpigeneticData/TFChipseq/batch_fastq_dump.py	48	active			subprocess.call("fastq-dump --gzip --split-3" + fastq_fname, shell=True)
data/MouseEpigeneticData/TFChipseq/batch_fastq_dump.py	63	active			subprocess.call(["sbatch", "/home/spark159/submit_scripts/bowtie-submit_single", "-f", fastq_fname+'.fastq', "-x", refname, "-o", fastq_fname])
data/MouseEpigeneticData/TFChipseq/batch_fastq_dump.py	66	active			subprocess.call(["sbatch", "/home/spark159/submit_scripts/bowtie-submit", "-f", fastq_fname+'_1.fastq', "-g", fastq_fname+'_2.fastq', "-x", refname, "-o", fastq_fname])
data/MouseEpigeneticData/TFChipseq/batch_fastq_dump.py	94	commented			#subprocess.call(merge_cmd, shell=True)
data/MouseEpigeneticData/TFChipseq/batch_fastq_dump.py	95	commented			#subprocess.call(["sbatch", "/home/spark159/submit_scripts/samtools-submit", '-o', data_output, '-f', ','.join(data_input)])
data/MouseEpigeneticData/TFChipseq/batch_fastq_dump.py	105	commented			#subprocess.call(merge_cmd, shell=True)
data/MouseEpigeneticData/TFChipseq/batch_fastq_dump.py	106	commented			#subprocess.call(["sbatch", "/home/spark159/submit_scripts/samtools-submit", '-o', control_output, '-f', ','.join(control_input)])
data/MouseEpigeneticData/TFChipseq/batch_fastq_dump.py	143	active			subprocess.call("xargs -n 1 curl -O -L < " + submit_fname, shell=True)
data/MouseEpigeneticData/TFChipseq/batch_fastq_dump.py	171	commented			#subprocess.call(merge_cmd)
data/MouseEpigeneticData/TFChipseq/batch_fastq_dump.py	178	commented			#subprocess.call(merge_cmd)
data/MouseEpigeneticData/TFChipseq/batch_fastq_dump.py	237	active			subprocess.call(data_cmd)
data/MouseEpigeneticData/TFChipseq/batch_fastq_dump.py	238	active			subprocess.call(['rm'] + [data + '.bam' for data in data_list])
data/MouseEpigeneticData/TFChipseq/batch_fastq_dump.py	240	active			subprocess.call(control_cmd)
data/MouseEpigeneticData/TFChipseq/batch_fastq_dump.py	241	active			subprocess.call(['rm'] + [control + '.bam' for control in control_list])
ipython_notebooks/[Fig.1d]Condensibility_score.2026.ipynb		active			os.system(cmd)
postpro_scripts/Blib_anal.py	23	active			align_proc = subprocess.Popen(aligner_cmd, stdout=subprocess. PIPE,stderr=open("/dev/null", 'w'))
postpro_scripts/Blib_anal.py	172	active			flash_proc = subprocess.Popen(flash_cmd, stdout=open(read_fname,'w'), stderr=open("/dev/null", 'w'))
postpro_scripts/GEO_data_transfer.py	237	active			subprocess.call(['mkdir', today])
postpro_scripts/GEO_data_transfer_processed.py	129	active			subprocess.call(['mkdir', today])
postpro_scripts/GEO_md5sum.py	237	active			subprocess.call(['mkdir', today])
postpro_scripts/GenomeCutter.py	81	active			subprocess.call(["bowtie2-build", ref_fname+'.fa', ref_fname], stdout=open(os.devnull, 'wb'), stderr=open(os.devnull, 'wb'))
postpro_scripts/GenomeCutter.py	118	active			align_proc = subprocess.Popen(aligner_cmd, stdout=subprocess.PIPE, stderr=open("/dev/null", 'w'))
postpro_scripts/GenomeCutter.py	166	active			subprocess.call(['rm', ref_fname + '.fa'])
postpro_scripts/GenomeCutter.py	167	active			subprocess.call('rm ' + ref_fname + '*bt2', shell=True)
postpro_scripts/GenomeCutter.py	168	active			subprocess.call(['rm', read_fname+'.fastq'])
postpro_scripts/NCPbincount.py	47	active			samtools_proc = subprocess.Popen(samtools_cmd, stdout=subprocess.PIPE, stderr=open("/dev/null", 'w'))
postpro_scripts/NCPpeak.py	63	active			samtools_proc = subprocess.Popen(samtools_cmd, stdout=subprocess.PIPE, stderr=open("/dev/null", 'w'))
postpro_scripts/ReadNPS.py	37	active			align_proc = subprocess.Popen(aligner_cmd, stdout=subprocess.PIPE,stderr=open("/dev/null", 'w'))
postpro_scripts/ReadNPS.py	541	active			align_proc = subprocess.Popen(aligner_cmd, stdout=subprocess.PIPE,stderr=open("/dev/null", 'w'))
postpro_scripts/WLC_radial.py	360	active			subprocess.call(['rm', fname + '_trace.txt'])
postpro_scripts/WLC_radial.py	361	active			subprocess.call(['rm', fname + '_energy.txt'])
postpro_scripts/WLC_radial.py	362	active			subprocess.call(['rm', fname + '_eted.txt'])
postpro_scripts/bamtobed.py	36	active			samtools_proc = subprocess.Popen(samtools_cmd, stdout=subprocess.PIPE, stderr=open("/dev/null", 'w'))
postpro_scripts/batch_chip_data.py	59	active			subprocess.call(data_cmd)
postpro_scripts/batch_chip_data.py	60	active			subprocess.call(['rm'] + [data + '.bam' for data in data_list])
postpro_scripts/batch_chip_data.py	62	active			subprocess.call(control_cmd)
postpro_scripts/batch_chip_data.py	63	active			subprocess.call(['rm'] + [control + '.bam' for control in control_list])
postpro_scripts/batch_chip_data_edit.py	71	active			subprocess.call("xargs -n 1 curl -O -L < " + submit_fname, shell=True)
postpro_scripts/batch_chip_data_edit.py	99	commented			#subprocess.call(merge_cmd)
postpro_scripts/batch_chip_data_edit.py	106	commented			#subprocess.call(merge_cmd)
postpro_scripts/batch_chip_data_edit.py	165	active			subprocess.call(data_cmd)
postpro_scripts/batch_chip_data_edit.py	166	active			subprocess.call(['rm'] + [data + '.bam' for data in data_list])
postpro_scripts/batch_chip_data_edit.py	168	active			subprocess.call(control_cmd)
postpro_scripts/batch_chip_data_edit.py	169	active			subprocess.call(['rm'] + [control + '.bam' for control in control_list])
postpro_scripts/batch_chromHMM_input.py	40	active			subprocess.call(cmd)
postpro_scripts/batch_chromHMM_input_edit.py	54	commented			#subprocess.call("xargs -n 1 curl -O -L < submit_fname")
postpro_scripts/batch_chromHMM_input_edit.py	80	commented			#subprocess.call(merge_cmd)
postpro_scripts/batch_chromHMM_input_edit.py	87	commented			#subprocess.call(merge_cmd)
postpro_scripts/batch_chromHMM_input_edit.py	146	active			subprocess.call(data_cmd)
postpro_scripts/batch_chromHMM_input_edit.py	147	active			subprocess.call(['rm'] + [data + '.bam' for data in data_list])
postpro_scripts/batch_chromHMM_input_edit.py	149	active			subprocess.call(control_cmd)
postpro_scripts/batch_chromHMM_input_edit.py	150	active			subprocess.call(['rm'] + [control + '.bam' for control in control_list])
postpro_scripts/batch_fast_dump.py	45	active			subprocess.call("fastq-dump " + fastq_fname, shell=True)
postpro_scripts/batch_fast_dump.py	53	active			subprocess.call(["sbatch", "bowtie-submit", "-f", fastq_fname+'.fastq', "-x", refname, "-o", fastq_fname])
postpro_scripts/batch_fast_dump.py	82	active			subprocess.call("xargs -n 1 curl -O -L < " + submit_fname, shell=True)
postpro_scripts/batch_fast_dump.py	110	commented			#subprocess.call(merge_cmd)
postpro_scripts/batch_fast_dump.py	117	commented			#subprocess.call(merge_cmd)
postpro_scripts/batch_fast_dump.py	176	active			subprocess.call(data_cmd)
postpro_scripts/batch_fast_dump.py	177	active			subprocess.call(['rm'] + [data + '.bam' for data in data_list])
postpro_scripts/batch_fast_dump.py	179	active			subprocess.call(control_cmd)
postpro_scripts/batch_fast_dump.py	180	active			subprocess.call(['rm'] + [control + '.bam' for control in control_list])
postpro_scripts/batch_fastq_dump.py	48	active			subprocess.call("fastq-dump --split-3" + fastq_fname, shell=True)
postpro_scripts/batch_fastq_dump.py	63	active			subprocess.call(["sbatch", "/home/spark159/submit_scripts/bowtie-submit_single", "-f", fastq_fname+'.fastq', "-x", refname, "-o", fastq_fname])
postpro_scripts/batch_fastq_dump.py	66	active			subprocess.call(["sbatch", "/home/spark159/submit_scripts/bowtie-submit", "-f", fastq_fname+'_1.fastq', "-g", fastq_fname+'_2.fastq', "-x", refname, "-o", fastq_fname])
postpro_scripts/batch_fastq_dump.py	94	commented			#subprocess.call(merge_cmd, shell=True)
postpro_scripts/batch_fastq_dump.py	95	commented			#subprocess.call(["sbatch", "/home/spark159/submit_scripts/samtools-submit", '-o', data_output, '-f', ','.join(data_input)])
postpro_scripts/batch_fastq_dump.py	105	commented			#subprocess.call(merge_cmd, shell=True)
postpro_scripts/batch_fastq_dump.py	106	commented			#subprocess.call(["sbatch", "/home/spark159/submit_scripts/samtools-submit", '-o', control_output, '-f', ','.join(control_input)])
postpro_scripts/batch_fastq_dump.py	143	active			subprocess.call("xargs -n 1 curl -O -L < " + submit_fname, shell=True)
postpro_scripts/batch_fastq_dump.py	171	commented			#subprocess.call(merge_cmd)
postpro_scripts/batch_fastq_dump.py	178	commented			#subprocess.call(merge_cmd)
postpro_scripts/batch_fastq_dump.py	237	active			subprocess.call(data_cmd)
postpro_scripts/batch_fastq_dump.py	238	active			subprocess.call(['rm'] + [data + '.bam' for data in data_list])
postpro_scripts/batch_fastq_dump.py	240	active			subprocess.call(control_cmd)
postpro_scripts/batch_fastq_dump.py	241	active			subprocess.call(['rm'] + [control + '.bam' for control in control_list])
postpro_scripts/batch_submit.py	64	commented			#subprocess.call(["fastqc", name])
postpro_scripts/batch_submit.py	65	commented			#subprocess.call(["mv", "data/" + "H72M2BCX3_" + str(lane_num+1) + '_' + index + '_' + str(pair+1) + '_fastqc.html', "data/" + "sp_spd_test" + str(num) +  '_' + str(lane_num+1) + '_' + str(pair+1) + '_fastqc.html'])
postpro_scripts/batch_submit.py	72	commented			#subprocess.call(["sbatch", "bowtie-submit", "-f", files1, "-g", files2, "-o", outfname])
postpro_scripts/batch_submit.py	73	active			subprocess.call(["sbatch", "qc_submit", "-f", file_list, "-o", outfname])
postpro_scripts/batch_submit.py	92	active			subprocess.call(["sbatch", "bincount_submit", "-f", file_list, "-o", outfname])
postpro_scripts/batch_submit.py	117	active			subprocess.call(["sbatch", "rgs-submit", "-f", fname + '_para.cn', "-o", fname])
postpro_scripts/batch_submit.py	141	commented			#                #subprocess.call(["sbatch", "qc_submit", "-f", ','.join(file_pair), "-o", outfname])
postpro_scripts/batch_submit.py	144	commented			#                ##subprocess.call(["sbatch", "cutadapt-submit", "-f", raw_name_pair[0], "-g", raw_name_pair[1], "-a", adapt_seq, "-o", trimmed_name_pair[0], "-p", trimmed_name_pair[1]])
postpro_scripts/batch_submit.py	149	commented			#                #subprocess.call(["sbatch", "bowtie-submit", "-f", raw_name_pair[0], "-g", raw_name_pair[1], "-x", refname, "-o", outfname])
postpro_scripts/batch_submit.py	163	commented			#    subprocess.call(["sbatch", "condense_seq-submit", "-c", chr_name])
postpro_scripts/batch_submit.py	178	commented			#    subprocess.call(["sbatch", "condense_seq-submit", "-c", chr_name])
postpro_scripts/batch_submit.py	193	commented			#    subprocess.call(["sbatch", "bowtie-submit", "-f", read1_fname, "-g", read2_fname, "-x", refname, "-o", outfname])
postpro_scripts/batch_submit.py	202	commented			#    subprocess.call(["sbatch", "bincount_submit", "-f", fname + ',' + fname, "-o", outfname, "-x", refname+'.fa', "-w", str(win_size)])
postpro_scripts/batch_submit.py	211	commented			#    subprocess.call(["sbatch", "lendist_submit", "-f", fname, "-o", outfname])
postpro_scripts/batch_submit.py	272	active			subprocess.call(["sbatch", "bowtie-submit", "-f", ','.join(read1_fnames), "-g", ','.join(read2_fnames), "-x", refname, "-o", outfname])
postpro_scripts/batch_submit.py	321	commented			#subprocess.call(["sbatch", "lendist_submit", "-f", fname_list, "-o", outfname])
postpro_scripts/batch_submit.py	338	commented			#subprocess.call(["sbatch", "bincount_submit", "-f", fname_list, "-o", outfname, "-x", refname+'.fa', "-w", str(win_size)])
postpro_scripts/batch_submit.py	339	commented			#subprocess.call([". ", "bincount_submit", "-f", fname_list, "-o", outfname, "-x", refname+'.fa', "-w", str(win_size)])
postpro_scripts/batch_submit.py	410	commented			#subprocess.call(["sbatch", "binannot_submit", "-f", newcn, "-x", refname+'.fa', "-w", str(bin_width), "-s", str(bin_step), "-o", outfname, "-b", bs_files, "-c", chip_files])
postpro_scripts/batch_submit.py	411	commented			#subprocess.call(["sbatch", "binannot_submit", "-f", newcn, "-x", refname+'.fa', "-w", str(bin_width), "-s", str(bin_step), "-o", outfname, "-c", chip_files])
postpro_scripts/batch_submit.py	413	commented			#subprocess.call(["sbatch", "binannot_submit", "-f", newcn, "-x", refname+'.fa', "-w", str(bin_width), "-s", str(bin_step), "-o", outfname])
postpro_scripts/batch_submit.py	428	active			subprocess.call(["sbatch", "profile_submit", "-f", fname, "-g", gtfname, "-x", refname+'.fa', "-o", outfname])
postpro_scripts/batch_submit.py	444	commented			#            subprocess.call(["sbatch", "bincount_submit", "-f", fname_list, "-o", outfname, "-x", refname+'.fa', "-w", str(win_size)])
postpro_scripts/batch_submit.py	457	commented			#            subprocess.call(["sbatch", "lendist_submit", "-f", fname_list, "-o", outfname])
postpro_scripts/batch_submit.py	471	commented			#            subprocess.call(["sbatch", "bincount_submit", "-f", fname_list, "-o", outfname, "-x", refname+'.fa', "-w", str(win_size)])
postpro_scripts/batch_submit.py	505	commented			#            subprocess.call(["./binannot_submit", "-f", fname, "-x", refname+'.fa', "-w", str(bin_width), "-s", str(bin_step), "-n", chip_names, "-c", chip_files], shell=True)
postpro_scripts/bincount.py	48	active			samtools_proc = subprocess.Popen(samtools_cmd, stdout=subprocess.PIPE, stderr=open("/dev/null", 'w'))
postpro_scripts/bincount_edit.py	72	active			samtools_proc = subprocess.Popen(samtools_cmd, stdout=subprocess.PIPE, stderr=open("/dev/null", 'w'))
postpro_scripts/checkNPS.py	18	active			align_proc = subprocess.Popen(aligner_cmd, stdout=subprocess.PIPE,stderr=open("/dev/null", 'w'))
postpro_scripts/compare_hist_bin.py	169	active			subprocess.call('PATH=$PATH:/home/spark159/IGV_2.15.2/.', shell=True)
postpro_scripts/compare_hist_bin.py	172	active			subprocess.call(['igvtools', 'toTDF', fname, fname.rsplit('.', 1)[0] + '.tdf', 'mm10'])
postpro_scripts/convert_bincn_to_bedgraph.py	77	active			subprocess.call(cmd)
postpro_scripts/convert_bincn_to_bedgraph.py	91	active			subprocess.call(cmd, shell=True)
postpro_scripts/convert_bincn_to_bedgraph.py	105	active			subprocess.call(cmd)
postpro_scripts/convert_cn_to_bedgraph.py	77	active			subprocess.call(cmd)
postpro_scripts/convert_cn_to_bedgraph.py	91	active			subprocess.call(cmd, shell=True)
postpro_scripts/convert_cn_to_bedgraph.py	105	active			subprocess.call(cmd)
postpro_scripts/coverage.py	38	active			samtools_proc = subprocess.Popen(samtools_cmd, stdout=subprocess.PIPE, stderr=open("/dev/null", 'w'))
postpro_scripts/make_tempfile.py	62	active			subprocess.call(['python', 'rca_submit_edit.py', fname + '_anot.cn', '--model', 'Free', '--metric', 'raw', '--num', str(N), '--bethe', '-o', fname, '--cycle', '100000'])
postpro_scripts/make_tempfile.py	73	active			subprocess.call(['python', 'rgs_submit.py', fname + '_para.cn', '--bethe', '-o', fname])
postpro_scripts/make_tempfile.py	84	active			subprocess.call(['python', 'rgs_submit.py', fname + '_para.cn', '--bethe', '-o', fname, '--cycle', str(20000), '--replica', str(10), '--max-root', str(100), '--sigma', str(1), '--burn', str(12000)])
postpro_scripts/make_tempfile.py	100	active			subprocess.call(['python', 'rgs_submit.py', fname + '_para.cn', '--bethe', '-o', fname, '--cycle', str(100000), '--replica', str(10), '--max-root', str(100), '--sigma', str(1)])
postpro_scripts/mp_practice.py	451	active			os.system("cat " + str(i) + "_temp.txt" + " >> " + out_fname + '_anot.cn')
postpro_scripts/mp_practice.py	452	active			os.system("rm " + str(i) + "_temp.txt")
postpro_scripts/occupancy.py	40	active			samtools_proc = subprocess.Popen(samtools_cmd, stdout=subprocess.PIPE, stderr=open("/dev/null", 'w'))
postpro_scripts/occupancy_edit.py	40	active			samtools_proc = subprocess.Popen(samtools_cmd, stdout=subprocess.PIPE, stderr=open("/dev/null", 'w'))
postpro_scripts/oncolib_sort.py	40	active			align_proc = subprocess.Popen(aligner_cmd, stdout=subprocess.PIPE, stderr=open("/dev/null", 'w'))
postpro_scripts/oncolib_sort.py	145	active			subprocess.call(['rm', 'temporal.ref'])
postpro_scripts/oncolib_sort.py	146	active			subprocess.call('rm ' + 'temporal' + '*bt2', shell=True)
postpro_scripts/oncolib_sort.py	230	active			subprocess.call(["bowtie2-build", "temporal.ref", "temporal"], stdout=open(os.devnull, 'wb'), stderr=open(os.devnull, 'wb'))
postpro_scripts/partest.py	14	active			os.system("cat " + str(i) + "_temp.txt" + " >> final.txt")
postpro_scripts/partest.py	15	active			os.system("rm " + str(i) + "_temp.txt")
postpro_scripts/rclone_transfer.py	12	active			subprocess.call(['mkdir', today])
postpro_scripts/read_qc.py	79	active			proc = subprocess.Popen(cmd, stdout=subprocess.PIPE, stderr=open("/dev/null", 'w'))
postpro_scripts/readlen.py	34	active			samtools_proc = subprocess.Popen(samtools_cmd, stdout=subprocess.PIPE, stderr=open("/dev/null", 'w'))
postpro_scripts/statis_edit.v2.py	917	active			subprocess.run(cmd, check=True)
prepro_scripts/coverage_ver3.py	167	active	condense-seq/prepro_scripts/coverage_ver3.py	python_script	epilog="""Example of usage: python3 condense-seq/prepro_scripts/coverage_ver3.py
prepro_scripts/old/NCPpeak_ver2.py	65	active			samtools_proc = subprocess.Popen(samtools_cmd, stdout=subprocess.PIPE, stderr=open("/dev/null", 'w'))
prepro_scripts/old/bincount_ver2.py	68	active			samtools_proc = subprocess.Popen(samtools_cmd, stdout=subprocess.PIPE, stderr=open("/dev/null", 'w'))
prepro_scripts/old/coverage_ver2.py	57	active			samtools_proc = subprocess.Popen(samtools_cmd, stdout=subprocess.PIPE, stderr=open("/dev/null", 'w'))
submit_on_terminal/condense-seq_coverage.sh	88	active	${localScriptFolder}/prepro_scripts/coverage_ver3.py	python_script	python3 ${localScriptFolder}/prepro_scripts/coverage_ver3.py \
submit_on_terminal/macOS.NCPnum_ver2.sh	20	active	../../condense-seq/prepro_scripts/NCPnum_ver2.py	python_script	nice -n 3 python3 ../../condense-seq/prepro_scripts/NCPnum_ver2.py \
submit_on_terminal/macOS.NCPscore_ver4.sh	37	active	../../condense-seq/prepro_scripts/NCPscore_ver4.py	python_script	nice -n 3 python3 ../../condense-seq/prepro_scripts/NCPscore_ver4.py \
submit_scripts/Bindata-submit	46	active	/home/spark159/scratch/scripts/bindata_ver3.py	python_script	python2 /home/spark159/scratch/scripts/bindata_ver3.py ${cov_fname} ${ref_fname} --chr ${chr_name} --Bsize ${binsize} --Bstep ${binstep} -o ${outfname}
submit_scripts/Chalf-submit	54	active	/home/spark159/scratch/scripts/get_Chalf.py	python_script	python2 /home/spark159/scratch/scripts/get_Chalf.py ${files[*]} -t ${tfname} --tnum ${tnums} --chr ${chr_list[*]} --min_rsq ${min_rsq} -o ${outfname}
submit_scripts/Chalf-submit_ver2	55	active	/home/spark159/scratch/scripts/get_Chalf_ver2.py	python_script	python /home/spark159/scratch/scripts/get_Chalf_ver2.py ${files[*]} -t ${tfname} --tnum ${tnums[*]} -o ${outfname}
submit_scripts/NCPcount-submit	39	active	NCPcount.py	python_script	python NCPcount.py work/condense_seq/sp9_hg19.sorted.bam work/condense_seq/sp10_hg19.sorted.bam work/condense_seq/sp1_hg19.sorted.bam -x work/condense_seq/hg19.fa -o work/condense_seq/hg19_$chr_name --chr $chr_name --cov --min --max
submit_scripts/NCPcount-submit	40	active	NCPcov_simple.py	python_script	python NCPcov_simple.py work/condense_seq/hg19_${chr_name}_NCP.cn work/condense_seq/hg19_${chr_name}_cov.cn -o work/condense_seq/hg19_${chr_name}_$win_size --Nlen $win_size
submit_scripts/NCPcov-submit	46	active	/home/spark159/scratch/scripts/NCPcov_ver3.py	python_script	python2 /home/spark159/scratch/scripts/NCPcov_ver3.py ${peak_fname} ${cov_fname} --Nlen ${Nlen} --peak-choice input --chr ${chr_name} -o ${outfname}
submit_scripts/NCPnum-submit	50	active	/home/spark159/scratch/scripts/NCPnum_ver2.py	python_script	python2 /home/spark159/scratch/scripts/NCPnum_ver2.py ${files[*]} -t ${tfname} --tnum ${tnum} --mscale ${mscale} --chr ${chr_list[*]}
submit_scripts/NCPpeak-submit	48	active	/home/spark159/scratch/scripts/NCPpeak_ver3.py	python_script	python2 /home/spark159/scratch/scripts/NCPpeak_ver3.py ${files[*]} --chr ${chr_name} --skip -o ${outfname}
submit_scripts/NCPscore-submit	51	active	/home/spark159/scratch/scripts/NCPscore_ver4.py	python_script	python2 /home/spark159/scratch/scripts/NCPscore_ver4.py ${files[*]} -i ${input_files[*]} -t ${tfname} --tnum ${tnum} --chr ${chr_list[*]} --numc
submit_scripts/NCPscore-submit_ver2	51	active	/home/spark159/scratch/scripts/NCPscore_ver2.py	python_script	python2 /home/spark159/scratch/scripts/NCPscore_ver2.py ${files[*]} -i ${input_files[*]} -t ${tfname} --tnum ${tnum} --chr ${chr_list[*]} --numc
submit_scripts/SPIN_submit	53	active	/home/spark159/scratch/SPIN/src/main.py	python_script	python /home/spark159/scratch/SPIN/src/main.py -i ${sig_fname} --hic ${hic_fname} -g ${bin_fname} -w ${binsize} -o /home/spark159/scratch/SPIN/${outdir} -n ${state_num}
submit_scripts/annot_submit	60	commented	data/scripts/bincount.py	python_script	#python data/scripts/bincount.py ${files[1]} ${files[2]} ${files[3]} ${files[4]} ${files[5]} ${files[6]} ${files[7]} ${files[0]} work/condense_seq/hg19.fa -o $outfname -w 1000 --gc
submit_scripts/annot_submit	62	commented	data/scripts/bincount.py	python_script	#python data/scripts/bincount.py ${files[1]} ${files[2]} ${files[3]} ${files[4]} ${files[5]} ${files[6]} ${files[7]} ${files[0]} $refname -o $outfname -w 1000 --gc
submit_scripts/annot_submit	64	commented	work/scripts/bincount.py	python_script	#python work/scripts/bincount.py ${files[1]} ${files[2]} ${files[3]} ${files[4]} ${files[5]} ${files[0]} ${refname} -o ${outfname} -w ${winsize} --gc
submit_scripts/annot_submit	66	commented	work/scripts/combine_annot_edit.py	python_script	#python work/scripts/combine_annot_edit.py ${fname} ${refname} --chip ${chipnames[1]} ${chipfiles[1]} ${chipnames[2]} ${chipfiles[2]} ${chipnames[3]} ${chipfiles[3]} ${chipnames[4]} ${chipfiles[4]} ${chipnames[5]} ${chipfiles[5]} ${chipnames[6]} ${chipfiles[6]} ${chipnames[7]} ${chipfiles[7]} ${chipnames[8]} ${chipfiles[8]} --Bin ${binsize} ${binstep}
submit_scripts/annot_submit	68	commented	work/scripts/combine_annot_edit.py	python_script	#python work/scripts/combine_annot_edit.py ${fname} ${refname} --chip ${chipfiles[*]} --Bin ${binsize} ${binstep} --chr chr1 -o ${outfname}
submit_scripts/annot_submit	70	active	work/scripts/combine_annot_edit.py	python_script	python work/scripts/combine_annot_edit.py ${fname} ${refname} --bs ${bsfiles[*]} --chip ${chipfiles[*]} --chr ${chr_name} --Nlen 171 --full-seq -o ${outfname}
submit_scripts/annot_submit_edit	60	commented	/home/spark159/scratch/scripts/combine_annot_edit.py	python_script	#python2 /home/spark159/scratch/scripts/combine_annot_edit.py ${fname}_Ncov.cn ${refname} --bs ${bsfiles[*]} --chip ${chipfiles[*]} --Nlen 171 --chr ${chr_name} -o ${outfname} --full-seq
submit_scripts/annot_submit_edit	61	commented	/home/spark159/scratch/scripts/combine_annot_edit.py	python_script	#python2 /home/spark159/scratch/scripts/combine_annot_edit.py ${fname}_Ncov.cn ${refname} --chip ${chipfiles[*]} --Nlen 171 --chr ${chr_name} -o ${outfname} --full-seq
submit_scripts/annot_submit_edit	65	active	/home/spark159/scratch/scripts/combine_annot_edit.py	python_script	python2 /home/spark159/scratch/scripts/combine_annot_edit.py ${fname}_167win25step_cov_Bsig.cn ${refname} --bs ${bsfiles[*]} --chip ${chipfiles[*]} --chr ${chr_name} -o ${outfname}_167win25step --Bin 167 25
submit_scripts/annot_submit_edit	66	commented	/home/spark159/scratch/scripts/combine_annot_edit.py	python_script	#python2 /home/spark159/scratch/scripts/combine_annot_edit.py ${fname}_167win25step_cov_Bsig.cn ${refname} --chip ${chipfiles[*]} --chr ${chr_name} -o ${outfname}_167win25step --Bin 167 25
submit_scripts/annot_submit_edit	69	active	/home/spark159/scratch/scripts/combine_annot_edit.py	python_script	python2 /home/spark159/scratch/scripts/combine_annot_edit.py ${fname}_1001win501step_cov_Bsig.cn ${refname} --bs ${bsfiles[*]} --chip ${chipfiles[*]} --chr ${chr_name} -o ${outfname}_1001win501step --Bin 1001 501
submit_scripts/annot_submit_edit	70	commented	/home/spark159/scratch/scripts/combine_annot_edit.py	python_script	#python2 /home/spark159/scratch/scripts/combine_annot_edit.py ${fname}_1001win501step_cov_Bsig.cn ${refname} --chip ${chipfiles[*]} --chr ${chr_name} -o ${outfname}_1001win501step --Bin 1001 501
submit_scripts/annot_submit_edit	73	active	/home/spark159/scratch/scripts/combine_annot_edit.py	python_script	python2 /home/spark159/scratch/scripts/combine_annot_edit.py ${fname}_10001win5001step_cov_Bsig.cn ${refname} --bs ${bsfiles[*]} --chip ${chipfiles[*]} --chr ${chr_name} -o ${outfname}_10001win5001step --Bin 10001 5001
submit_scripts/annot_submit_edit	74	commented	/home/spark159/scratch/scripts/combine_annot_edit.py	python_script	#python2 /home/spark159/scratch/scripts/combine_annot_edit.py ${fname}_10001win5001step_cov_Bsig.cn ${refname} --chip ${chipfiles[*]} --chr ${chr_name} -o ${outfname}_10001win5001step --Bin 10001 5001
submit_scripts/annot_submit_edit_edit	60	commented	/home/spark159/scratch4-tha4/sangwoo/scripts/combine_annot_edit.py	python_script	#python2 /home/spark159/scratch4-tha4/sangwoo/scripts/combine_annot_edit.py ${fname}_Ncov.cn ${refname} --bs ${bsfiles[*]} --chip ${chipfiles[*]} --Nlen 171 --chr ${chr_name} -o ${outfname} --full-seq
submit_scripts/annot_submit_edit_edit	61	active	/home/spark159/scratch/scripts/combine_annot_ver2.py	python_script	python2 /home/spark159/scratch/scripts/combine_annot_ver2.py ${fname} ${refname} --chip ${chipfiles[*]} --bs ${bsfiles[*]} --binsize 171 --chr ${chr_name} -o ${outfname}
submit_scripts/annot_submit_edit_edit	65	commented	/home/spark159/scratch4-tha4/sangwoo/scripts/combine_annot_edit.py	python_script	#python2 /home/spark159/scratch4-tha4/sangwoo/scripts/combine_annot_edit.py ${fname}_167win25step_cov_Bsig.cn ${refname} --bs ${bsfiles[*]} --chip ${chipfiles[*]} --chr ${chr_name} -o ${outfname}_167win25step --Bin 167 25
submit_scripts/annot_submit_edit_edit	66	commented	/home/spark159/scratch/scripts/combine_annot_edit.py	python_script	#python2 /home/spark159/scratch/scripts/combine_annot_edit.py ${fname}_167win25step_cov_Bsig.cn ${refname} --chip ${chipfiles[*]} --chr ${chr_name} -o ${outfname}_167win25step --Bin 167 25
submit_scripts/annot_submit_edit_edit	69	commented	/home/spark159/scratch4-tha4/sangwoo/scripts/combine_annot_edit.py	python_script	#python2 /home/spark159/scratch4-tha4/sangwoo/scripts/combine_annot_edit.py ${fname}_1001win501step_cov_Bsig.cn ${refname} --bs ${bsfiles[*]} --chip ${chipfiles[*]} --chr ${chr_name} -o ${outfname}_1001win501step --Bin 1001 501
submit_scripts/annot_submit_edit_edit	70	commented	/home/spark159/scratch/scripts/combine_annot_edit.py	python_script	#python2 /home/spark159/scratch/scripts/combine_annot_edit.py ${fname}_1001win501step_cov_Bsig.cn ${refname} --chip ${chipfiles[*]} --chr ${chr_name} -o ${outfname}_1001win501step --Bin 1001 501
submit_scripts/annot_submit_edit_edit	73	commented	/home/spark159/scratch4-tha4/sangwoo/scripts/combine_annot_edit.py	python_script	#python2 /home/spark159/scratch4-tha4/sangwoo/scripts/combine_annot_edit.py ${fname}_10001win5001step_cov_Bsig.cn ${refname} --bs ${bsfiles[*]} --chip ${chipfiles[*]} --chr ${chr_name} -o ${outfname}_10001win5001step --Bin 10001 5001
submit_scripts/annot_submit_edit_edit	74	commented	/home/spark159/scratch/scripts/combine_annot_edit.py	python_script	#python2 /home/spark159/scratch/scripts/combine_annot_edit.py ${fname}_10001win5001step_cov_Bsig.cn ${refname} --chip ${chipfiles[*]} --chr ${chr_name} -o ${outfname}_10001win5001step --Bin 10001 5001
submit_scripts/annot_submit_edit_edit_bin	65	commented	/home/spark159/scratch4-tha4/sangwoo/scripts/combine_annot_edit.py	python_script	#python2 /home/spark159/scratch4-tha4/sangwoo/scripts/combine_annot_edit.py ${fname}_Ncov.cn ${refname} --bs ${bsfiles[*]} --chip ${chipfiles[*]} --Nlen 171 --chr ${chr_name} -o ${outfname} --full-seq
submit_scripts/annot_submit_edit_edit_bin	66	commented	/home/spark159/scratch/scripts/combine_annot_ver2.py	python_script	#python2 /home/spark159/scratch/scripts/combine_annot_ver2.py ${fname} ${refname} --chip ${chipfiles[*]} --bs ${bsfiles[*]} --binsize 171 --chr ${chr_name} -o ${outfname}
submit_scripts/annot_submit_edit_edit_bin	68	active	/home/spark159/scratch/scripts/combine_annot_ver2.1.py	python_script	python2 /home/spark159/scratch/scripts/combine_annot_ver2.1.py ${fname} ${refname} --bs ${bsfiles[*]} --chip ${chipfiles[*]} --bedgraph ${bgfiles[*]} --binsize ${binsize} --binstep ${binstep} -o ${outfname}
submit_scripts/annot_submit_edit_edit_bin	70	commented	/home/spark159/scratch/scripts/combine_annot_ver2.1.py	python_script	#python2 /home/spark159/scratch/scripts/combine_annot_ver2.1.py ${fname} ${refname} --chip ${chipfiles[*]} --bedgraph ${bgfiles[*]} --binsize ${binsize} --binstep ${binstep} -o ${outfname}
submit_scripts/annot_submit_edit_edit_bin	76	commented	/home/spark159/scratch4-tha4/sangwoo/scripts/combine_annot_edit.py	python_script	#python2 /home/spark159/scratch4-tha4/sangwoo/scripts/combine_annot_edit.py ${fname}_167win25step_cov_Bsig.cn ${refname} --bs ${bsfiles[*]} --chip ${chipfiles[*]} --chr ${chr_name} -o ${outfname}_167win25step --Bin 167 25
submit_scripts/annot_submit_edit_edit_bin	77	commented	/home/spark159/scratch/scripts/combine_annot_edit.py	python_script	#python2 /home/spark159/scratch/scripts/combine_annot_edit.py ${fname}_167win25step_cov_Bsig.cn ${refname} --chip ${chipfiles[*]} --chr ${chr_name} -o ${outfname}_167win25step --Bin 167 25
submit_scripts/annot_submit_edit_edit_bin	80	commented	/home/spark159/scratch4-tha4/sangwoo/scripts/combine_annot_edit.py	python_script	#python2 /home/spark159/scratch4-tha4/sangwoo/scripts/combine_annot_edit.py ${fname}_1001win501step_cov_Bsig.cn ${refname} --bs ${bsfiles[*]} --chip ${chipfiles[*]} --chr ${chr_name} -o ${outfname}_1001win501step --Bin 1001 501
submit_scripts/annot_submit_edit_edit_bin	81	commented	/home/spark159/scratch/scripts/combine_annot_edit.py	python_script	#python2 /home/spark159/scratch/scripts/combine_annot_edit.py ${fname}_1001win501step_cov_Bsig.cn ${refname} --chip ${chipfiles[*]} --chr ${chr_name} -o ${outfname}_1001win501step --Bin 1001 501
submit_scripts/annot_submit_edit_edit_bin	84	commented	/home/spark159/scratch4-tha4/sangwoo/scripts/combine_annot_edit.py	python_script	#python2 /home/spark159/scratch4-tha4/sangwoo/scripts/combine_annot_edit.py ${fname}_10001win5001step_cov_Bsig.cn ${refname} --bs ${bsfiles[*]} --chip ${chipfiles[*]} --chr ${chr_name} -o ${outfname}_10001win5001step --Bin 10001 5001
submit_scripts/annot_submit_edit_edit_bin	85	commented	/home/spark159/scratch/scripts/combine_annot_edit.py	python_script	#python2 /home/spark159/scratch/scripts/combine_annot_edit.py ${fname}_10001win5001step_cov_Bsig.cn ${refname} --chip ${chipfiles[*]} --chr ${chr_name} -o ${outfname}_10001win5001step --Bin 10001 5001
submit_scripts/batch_ENCODE_download.py	111	commented			#subprocess.call("xargs -n 1 curl -O -L < " + ENCODE_down_fname, shell=True)
submit_scripts/batch_ENCODE_download.py	112	commented			#subprocess.call("(cd %s && xargs -n 1 curl -O -L < %s)" % (path, ENCODE_down_fname), shell=True)
submit_scripts/batch_fastq_dump.py	57	active			subprocess.call(["sbatch", "sra-submit", '-f', fastq_fname, '-o', path])
submit_scripts/batch_submit.py	64	commented			#subprocess.call(["fastqc", name])
submit_scripts/batch_submit.py	65	commented			#subprocess.call(["mv", "data/" + "H72M2BCX3_" + str(lane_num+1) + '_' + index + '_' + str(pair+1) + '_fastqc.html', "data/" + "sp_spd_test" + str(num) +  '_' + str(lane_num+1) + '_' + str(pair+1) + '_fastqc.html'])
submit_scripts/batch_submit.py	72	commented			#subprocess.call(["sbatch", "bowtie-submit", "-f", files1, "-g", files2, "-o", outfname])
submit_scripts/batch_submit.py	73	active			subprocess.call(["sbatch", "qc_submit", "-f", file_list, "-o", outfname])
submit_scripts/batch_submit.py	92	active			subprocess.call(["sbatch", "bincount_submit", "-f", file_list, "-o", outfname])
submit_scripts/batch_submit.py	117	active			subprocess.call(["sbatch", "rgs-submit", "-f", fname + '_para.cn', "-o", fname])
submit_scripts/batch_submit.py	141	commented			#                #subprocess.call(["sbatch", "qc_submit", "-f", ','.join(file_pair), "-o", outfname])
submit_scripts/batch_submit.py	144	commented			#                ##subprocess.call(["sbatch", "cutadapt-submit", "-f", raw_name_pair[0], "-g", raw_name_pair[1], "-a", adapt_seq, "-o", trimmed_name_pair[0], "-p", trimmed_name_pair[1]])
submit_scripts/batch_submit.py	149	commented			#                #subprocess.call(["sbatch", "bowtie-submit", "-f", raw_name_pair[0], "-g", raw_name_pair[1], "-x", refname, "-o", outfname])
submit_scripts/batch_submit.py	163	commented			#    subprocess.call(["sbatch", "condense_seq-submit", "-c", chr_name])
submit_scripts/batch_submit.py	178	commented			#    subprocess.call(["sbatch", "condense_seq-submit", "-c", chr_name])
submit_scripts/batch_submit.py	193	commented			#    subprocess.call(["sbatch", "bowtie-submit", "-f", read1_fname, "-g", read2_fname, "-x", refname, "-o", outfname])
submit_scripts/batch_submit.py	202	commented			#    subprocess.call(["sbatch", "bincount_submit", "-f", fname + ',' + fname, "-o", outfname, "-x", refname+'.fa', "-w", str(win_size)])
submit_scripts/batch_submit.py	211	commented			#    subprocess.call(["sbatch", "lendist_submit", "-f", fname, "-o", outfname])
submit_scripts/batch_submit.py	276	active			subprocess.call(["sbatch", "bowtie-submit", "-f", ','.join(read1_fnames), "-g", ','.join(read2_fnames), "-x", refname, "-o", outfname])
submit_scripts/batch_submit.py	325	commented			#subprocess.call(["sbatch", "lendist_submit", "-f", fname_list, "-o", outfname])
submit_scripts/batch_submit.py	342	commented			#subprocess.call(["sbatch", "bincount_submit", "-f", fname_list, "-o", outfname, "-x", refname+'.fa', "-w", str(win_size)])
submit_scripts/batch_submit.py	343	commented			#subprocess.call([". ", "bincount_submit", "-f", fname_list, "-o", outfname, "-x", refname+'.fa', "-w", str(win_size)])
submit_scripts/batch_submit.py	415	commented			#subprocess.call(["sbatch", "binannot_submit", "-f", newcn, "-x", refname+'.fa', "-w", str(bin_width), "-s", str(bin_step), "-o", outfname, "-b", bs_files, "-c", chip_files])
submit_scripts/batch_submit.py	416	commented			#subprocess.call(["sbatch", "binannot_submit", "-f", newcn, "-x", refname+'.fa', "-w", str(bin_width), "-s", str(bin_step), "-o", outfname, "-c", chip_files])
submit_scripts/batch_submit.py	418	commented			#subprocess.call(["sbatch", "binannot_submit", "-f", newcn, "-x", refname+'.fa', "-w", str(bin_width), "-s", str(bin_step), "-o", outfname, "-b", '', "-c", ''])
submit_scripts/batch_submit.py	434	active			subprocess.call(["sbatch", "profile_submit", "-f", fname, "-g", gtfname, "-x", refname+'.fa', "-o", outfname])
submit_scripts/batch_submit.py	450	commented			#            subprocess.call(["sbatch", "bincount_submit", "-f", fname_list, "-o", outfname, "-x", refname+'.fa', "-w", str(win_size)])
submit_scripts/batch_submit.py	463	commented			#            subprocess.call(["sbatch", "lendist_submit", "-f", fname_list, "-o", outfname])
submit_scripts/batch_submit.py	477	commented			#            subprocess.call(["sbatch", "bincount_submit", "-f", fname_list, "-o", outfname, "-x", refname+'.fa', "-w", str(win_size)])
submit_scripts/batch_submit.py	511	commented			#            subprocess.call(["./binannot_submit", "-f", fname, "-x", refname+'.fa', "-w", str(bin_width), "-s", str(bin_step), "-n", chip_names, "-c", chip_files], shell=True)
submit_scripts/batch_submit_edit.py	169	commented			#subprocess.call(["sbatch", "bowtie-submit-trim", "-f", ','.join(read1_fnames), "-g", ','.join(read2_fnames), "-x", refname, "-o", outfname])
submit_scripts/batch_submit_edit.py	171	active			subprocess.call(["sbatch", "bowtie-submit", "-f", ','.join(read1_fnames), "-g", ','.join(read2_fnames), "-x", refname, "-o", outfname])
submit_scripts/batch_submit_edit.py	228	active			subprocess.call(["sbatch", "lendist_submit", "-f", fname_list, "-o", outfname])
submit_scripts/batch_submit_edit.py	232	active			subprocess.call(["sbatch", "bincount_submit", "-f", fname_list, "-o", outfname, "-x", refname+'.fa', "-w", str(bin_size)])
submit_scripts/batch_submit_edit.py	241	commented			#subprocess.call(["sbatch", "binannot_submit", "-f", newcn, "-x", refname+'.fa', "-w", str(bin_size), "-s", str(bin_size), "-o", outfname])
submit_scripts/batch_submit_edit.py	246	commented			#subprocess.call(["sbatch", "profile_submit", "-f", fname, "-g", gtfname, "-x", refname+'.fa', "-c", "chr1", "-o", outfname])
submit_scripts/batch_submit_edit.py	253	active			subprocess.call(["sbatch", "occupancy-submit", "-f", fname_list, "-o", outfname, "-x", refname+'.fa', "-c", chr_name])
submit_scripts/batch_submit_edit.py	274	active			subprocess.call(["sbatch", "condense_seq-submit_edit", "-f", fname_list, "-o", outfname, "-x", refname+'.fa', "-c", chr_name])
submit_scripts/batch_submit_edit.py	289	active			subprocess.call(["sbatch", "motif-submit", "-f", fname, "-x", refname+'.fa', "-c", chr_name, "-o", outfname])
submit_scripts/batch_submit_edit.py	345	active			subprocess.call(["sbatch", "annot_submit_edit", "-f", fname, "-x", refname+'.fa', "-n", chr_name, "-o", outfname, "-b", bs_files, "-c", chip_files])
submit_scripts/batch_submit_edit.py	346	commented			#subprocess.call(["sbatch", "annot_submit_edit", "-f", fname, "-x", refname+'.fa', "-n", chr_name, "-o", outfname, "-c", chip_files])
submit_scripts/batch_submit_edit.py	360	active			subprocess.call(["sbatch", "profile_submit", "-f", fname, "-g", gtfname, "-x", refname+'.fa', "-c", chr_name, "-o", outfname])
submit_scripts/batch_submit_edit.py	365	active			subprocess.call(["sbatch", "profile_submit", "-f", fname, "-g", gtfname, "-x", refname+'.fa', "-c", chr_name, "-o", outfname])
submit_scripts/batch_submit_split.py	129	active			subprocess.call(["sbatch", "bowtie-submit", "-f", ','.join(read1_fnames), "-g", ','.join(read2_fnames), "-x", refname, "-o", outfname])
submit_scripts/batch_submit_split.py	170	active			subprocess.call(["sbatch", "splitbam-submit", "-f", fname, "-c", chr_list])
submit_scripts/batch_submit_split.py	190	commented			#subprocess.call(["sbatch", "lendist_submit", "-f", fname_list, "-o", outfname])
submit_scripts/batch_submit_split.py	194	commented			#subprocess.call(["sbatch", "bincount_submit", "-f", fname_list, "-o", outfname, "-x", refname+'.fa', "-w", str(bin_size)])
submit_scripts/batch_submit_split.py	203	commented			#subprocess.call(["sbatch", "binannot_submit", "-f", newcn, "-x", refname+'.fa', "-w", str(bin_size), "-s", str(bin_size), "-o", outfname])
submit_scripts/batch_submit_split.py	208	commented			#subprocess.call(["sbatch", "profile_submit", "-f", fname, "-g", gtfname, "-x", refname+'.fa', "-c", "chr1", "-o", outfname])
submit_scripts/batch_submit_split.py	214	active			subprocess.call(["sbatch", "occupancy-submit", "-f", fname_list, "-o", outfname, "-x", refname+'.fa', "-c", chr_name])
submit_scripts/batch_submit_split.py	236	active			subprocess.call(["sbatch", "condense_seq-submit_edit", "-f", fnames, "-o", outfname, "-x", refname+'.fa', "-c", chr_name])
submit_scripts/batch_submit_split.py	250	active			subprocess.call(["sbatch", "motif-submit", "-f", fname, "-x", refname+'.fa', "-c", chr_name, "-o", outfname])
submit_scripts/batch_submit_split.py	304	commented			#subprocess.call(["sbatch", "annot_submit_edit", "-f", fname, "-x", refname+'.fa', "-n", chr_name, "-o", outfname, "-b", bs_files, "-c", chip_files])
submit_scripts/batch_submit_split.py	305	active			subprocess.call(["sbatch", "annot_submit_edit", "-f", fname, "-x", refname+'.fa', "-n", chr_name, "-o", outfname, "-c", chip_files])
submit_scripts/batch_submit_split.py	319	active			subprocess.call(["sbatch", "profile_submit", "-f", fname, "-g", gtfname, "-x", refname+'.fa', "-c", chr_name, "-o", outfname])
submit_scripts/batch_submit_split.py	324	active			subprocess.call(["sbatch", "profile_submit", "-f", fname, "-g", gtfname, "-x", refname+'.fa', "-c", chr_name, "-o", outfname])
submit_scripts/batch_submit_ver2.py	207	active			subprocess.call(["sbatch", "condense_seq-submit_edit", "-f", fname_list, "-o", outfname, "-x", refname+'.fa', "-c", chr_name])
submit_scripts/batch_submit_ver2.py	222	active			subprocess.call(["sbatch", "motif-submit", "-f", fname, "-x", refname+'.fa', "-c", chr_name, "-o", outfname])
submit_scripts/batch_submit_ver2.py	278	active			subprocess.call(["sbatch", "annot_submit_edit", "-f", fname, "-x", refname+'.fa', "-n", chr_name, "-o", outfname, "-b", bs_files, "-c", chip_files])
submit_scripts/batch_submit_ver2.py	279	commented			#subprocess.call(["sbatch", "annot_submit_edit", "-f", fname, "-x", refname+'.fa', "-n", chr_name, "-o", outfname, "-c", chip_files])
submit_scripts/batch_submit_ver2.py	293	active			subprocess.call(["sbatch", "profile_submit", "-f", fname, "-g", gtfname, "-x", refname+'.fa', "-c", chr_name, "-o", outfname])
submit_scripts/batch_submit_ver2.py	298	active			subprocess.call(["sbatch", "profile_submit", "-f", fname, "-g", gtfname, "-x", refname+'.fa', "-c", chr_name, "-o", outfname])
submit_scripts/batch_submit_ver3.py	581	active			subprocess.call(tar_cmd)
submit_scripts/batch_submit_ver4.py	595	active			subprocess.call(tar_cmd)
submit_scripts/batch_submit_ver5.py	690	active			subprocess.call(tar_cmd)
submit_scripts/batch_submit_ver6.py	765	active			subprocess.call(tar_cmd)
submit_scripts/batch_submit_ver6.py	782	active			subprocess.call(tar_cmd)
submit_scripts/batch_submit_ver7.py	1128	active			subprocess.call(tar_cmd)
submit_scripts/binannot_submit	58	commented	data/scripts/bincount.py	python_script	#python data/scripts/bincount.py ${files[1]} ${files[2]} ${files[3]} ${files[4]} ${files[5]} ${files[6]} ${files[7]} ${files[0]} work/condense_seq/hg19.fa -o $outfname -w 1000 --gc
submit_scripts/binannot_submit	60	commented	data/scripts/bincount.py	python_script	#python data/scripts/bincount.py ${files[1]} ${files[2]} ${files[3]} ${files[4]} ${files[5]} ${files[6]} ${files[7]} ${files[0]} $refname -o $outfname -w 1000 --gc
submit_scripts/binannot_submit	62	commented	work/scripts/bincount.py	python_script	#python work/scripts/bincount.py ${files[1]} ${files[2]} ${files[3]} ${files[4]} ${files[5]} ${files[0]} ${refname} -o ${outfname} -w ${winsize} --gc
submit_scripts/binannot_submit	64	commented	work/scripts/combine_annot_edit.py	python_script	#python work/scripts/combine_annot_edit.py ${fname} ${refname} --chip ${chipnames[1]} ${chipfiles[1]} ${chipnames[2]} ${chipfiles[2]} ${chipnames[3]} ${chipfiles[3]} ${chipnames[4]} ${chipfiles[4]} ${chipnames[5]} ${chipfiles[5]} ${chipnames[6]} ${chipfiles[6]} ${chipnames[7]} ${chipfiles[7]} ${chipnames[8]} ${chipfiles[8]} --Bin ${binsize} ${binstep}
submit_scripts/binannot_submit	66	commented	/home/spark159/scratch4-tha4/sangwoo/scripts/combine_annot_edit.py	python_script	#python2 /home/spark159/scratch4-tha4/sangwoo/scripts/combine_annot_edit.py ${fname} ${refname} --bs ${bsfiles[*]} --chip ${chipfiles[*]} --Bin ${binsize} ${binstep} --chr chr1 -o ${outfname}
submit_scripts/binannot_submit	68	active	/home/spark159/scratch4-tha4/sangwoo/scripts/combine_annot_edit.py	python_script	python2 /home/spark159/scratch4-tha4/sangwoo/scripts/combine_annot_edit.py ${fname} ${refname} --Bin ${binsize} ${binstep} --chr chr1 -o ${outfname}
submit_scripts/binannot_submit	70	commented	work/scripts/combine_annot_edit.py	python_script	#python work/scripts/combine_annot_edit.py ${fname} ${refname} --chip ${chipfiles[*]} --Bin ${binsize} ${binstep} --chr chr1 -o ${outfname}
submit_scripts/binannot_submit	72	commented	work/scripts/combine_annot_edit.py	python_script	#python work/scripts/combine_annot_edit.py ${fname} ${refname} --Bin ${binsize} ${binstep} --chr chr1 -o ${outfname}
submit_scripts/binannot_submit	90	commented			#
submit_scripts/binannot_submit_edit	60	active	/home/spark159/scratch4-tha4/sangwoo/scripts/combine_annot_edit.py	python_script	python2 /home/spark159/scratch4-tha4/sangwoo/scripts/combine_annot_edit.py ${fname} ${refname} --bs ${bsfiles[*]} --chip ${chipfiles[*]} --Bin ${binsize} ${binstep} --chr ${chr_name} -o ${outfname}
submit_scripts/bincount-submit	48	active	/home/spark159/scratch/scripts/bincount_ver3.py	python_script	python2 /home/spark159/scratch/scripts/bincount_ver3.py ${files[*]} ${refname} -o ${outfname} -w ${binsize} --chr ${chr_list[*]} --gc --tlen
submit_scripts/bincount_submit	44	commented	data/scripts/bincount.py	python_script	#python data/scripts/bincount.py ${files[1]} ${files[2]} ${files[3]} ${files[4]} ${files[5]} ${files[6]} ${files[7]} ${files[0]} work/condense_seq/hg19.fa -o $outfname -w 1000 --gc
submit_scripts/bincount_submit	46	commented	data/scripts/bincount.py	python_script	#python data/scripts/bincount.py ${files[1]} ${files[2]} ${files[3]} ${files[4]} ${files[5]} ${files[6]} ${files[7]} ${files[0]} $refname -o $outfname -w 1000 --gc
submit_scripts/bincount_submit	48	commented	work/scripts/bincount.py	python_script	#python work/scripts/bincount.py ${files[1]} ${files[2]} ${files[3]} ${files[4]} ${files[5]} ${files[0]} ${refname} -o ${outfname} -w ${binsize} --gc
submit_scripts/bincount_submit	50	commented	work/scripts/bincount.py	python_script	#python work/scripts/bincount.py ${files[*]} ${refname} -o ${outfname} -w ${binsize} --gc
submit_scripts/bincount_submit	52	active	/home/spark159/scratch/scripts/bincount_edit.py	python_script	python2 /home/spark159/scratch/scripts/bincount_edit.py ${files[*]} ${refname} -o ${outfname} -w ${binsize} --gc --tlen
submit_scripts/chromHMM-submit	16	commented	ChromHMM/ChromHMM.jar	jar	#java -mx4000M -jar ChromHMM/ChromHMM.jar BinarizeBam ChromHMM/CHROMSIZES/hg38.txt ChromHMM/bamfiles/ ChromHMM/marktable.txt ChromHMM/15state/
submit_scripts/chromHMM-submit	18	commented	ChromHMM/ChromHMM.jar	jar	#java -Xmx100G -jar ChromHMM/ChromHMM.jar BinarizeBam ChromHMM/CHROMSIZES/hg38.txt work/ENCODE_chip_seq_data/ work/ENCODE_chip_seq_data/H1_ENCODE_Histone_input.txt work/ENCODE_chip_seq_data/
submit_scripts/chromHMM-submit	20	commented	/home/spark159/ChromHMM/ChromHMM.jar	jar	#java -Xmx100G -jar /home/spark159/ChromHMM/ChromHMM.jar BinarizeBam /home/spark159/ChromHMM/CHROMSIZES/mm10.txt /home/spark159/scratch4-tha4/sangwoo/MouseCD8TcellData/. /home/spark159/scratch4-tha4/sangwoo/MouseCD8TcellData/MouseCD8Tcell_input_table.txt /home/spark159/scratch4-tha4/sangwoo/MouseCD8TcellData/.
submit_scripts/chromHMM-submit	22	active	/home/spark159/ChromHMM/ChromHMM.jar	jar	java -Xmx100G -jar /home/spark159/ChromHMM/ChromHMM.jar LearnModel /home/spark159/scratch4-tha4/sangwoo/MouseCD8TcellData/. /home/spark159/scratch4-tha4/sangwoo/MouseCD8TcellData/. 15 mm10
submit_scripts/chromHMM-submit	27	commented	ChromHMM/ChromHMM.jar	jar	#java -mx4000M -jar ChromHMM/ChromHMM.jar LearnModel ChromHMM/binaryfiles/ ChromHMM/12state/ 12 hg38
submit_scripts/combineanot-submit	33	commented	scratch/combine_annot.py	python_script	#python scratch/combine_annot.py work/condense_seq/hg19_${chr_name}_${win_size}_Ncov.cn work/condense_seq/hg19.fa --bs work/condense_seq/GSM1541790_38-Per_rep1.cg.txt --chip k9ac work/condense_seq/GSM1541804_38-Per_1_K9ac_macs2_peaks.bed k27ac work/condense_seq/GSM1541800_38-Per_1_K27ac_macs2_peaks.bed k4me3 work/condense_seq/GSM1541808_38-Per_1_K4me3_macs2_peaks.bed k36me3 work/condense_seq/GSM1541812_38-Per_1_K36me3_solid_rseg.bed k27me3 work/condense_seq/GSM1541816_38-Per_1_K27me3_rseg.bed k9me2 work/condense_seq/GSM1541820_38-Per_1_K9me2_rseg.bed k9me3 work/condense_seq/GSM1541824_38-Per_1_K9me3_rseg.bed --chr $chr_name -o work/condense_seq/hg19_${chr_name}_${win_size}_new
submit_scripts/combineanot-submit	35	commented	scratch/combine_annot.py	python_script	#python scratch/combine_annot.py work/condense_seq/hg19_chr1_1001win_cov_Bsig.cn work/condense_seq/hg19.fa --bs work/condense_seq/GSM1541790_38-Per_rep1.cg.txt --chip k9ac work/condense_seq/GSM1541804_38-Per_1_K9ac_macs2_peaks.bed k27ac work/condense_seq/GSM1541800_38-Per_1_K27ac_macs2_peaks.bed k4me3 work/condense_seq/GSM1541808_38-Per_1_K4me3_macs2_peaks.bed k36me3 work/condense_seq/GSM1541812_38-Per_1_K36me3_solid_rseg.bed k27me3 work/condense_seq/GSM1541816_38-Per_1_K27me3_rseg.bed k9me2 work/condense_seq/GSM1541820_38-Per_1_K9me2_rseg.bed k9me3 work/condense_seq/GSM1541824_38-Per_1_K9me3_rseg.bed -o hg19_chr1_1001win --Nlen 1001 --chr chr1
submit_scripts/combineanot-submit	37	commented	scratch/combine_annot.py	python_script	#python scratch/combine_annot.py work/condense_seq/hg19_chr1_167win25step_cov_Bsig.cn work/condense_seq/hg19.fa --bs work/condense_seq/GSM1541790_38-Per_rep1.cg.txt --chip k9ac work/condense_seq/GSM1541804_38-Per_1_K9ac_macs2_peaks.bed k27ac work/condense_seq/GSM1541800_38-Per_1_K27ac_macs2_peaks.bed k4me3 work/condense_seq/GSM1541808_38-Per_1_K4me3_macs2_peaks.bed k36me3 work/condense_seq/GSM1541812_38-Per_1_K36me3_solid_rseg.bed k27me3 work/condense_seq/GSM1541816_38-Per_1_K27me3_rseg.bed k9me2 work/condense_seq/GSM1541820_38-Per_1_K9me2_rseg.bed k9me3 work/condense_seq/GSM1541824_38-Per_1_K9me3_rseg.bed -o hg19_chr1_167win25step --Nlen 167 --chr chr1
submit_scripts/combineanot-submit	39	commented	scratch/combine_annot.py	python_script	#python scratch/combine_annot.py work/condense_seq/hg19_chr1_167win25step_cov_Bsig.cn work/condense_seq/hg19.fa --bs work/condense_seq/GSM1541790_38-Per_rep1.cg.txt --chip k9ac work/condense_seq/GSM1541804_38-Per_1_K9ac_macs2_peaks.bed k27ac work/condense_seq/GSM1541800_38-Per_1_K27ac_macs2_peaks.bed k4me3 work/condense_seq/GSM1541808_38-Per_1_K4me3_macs2_peaks.bed k36me3 work/condense_seq/GSM1541812_38-Per_1_K36me3_solid_rseg.bed k27me3 work/condense_seq/GSM1541816_38-Per_1_K27me3_rseg.bed k9me2 work/condense_seq/GSM1541820_38-Per_1_K9me2_rseg.bed k9me3 work/condense_seq/GSM1541824_38-Per_1_K9me3_rseg.bed -o hg19_chr1_167win25step --Bin 167 25 --chr chr1
submit_scripts/combineanot-submit	42	commented	scratch/combine_annot2.py	python_script	#python scratch/combine_annot2.py work/condense_seq/hg19_chr1_171_Ncov.cn work/condense_seq/hg19.fa --bs work/condense_seq/GSM1541790_38-Per_rep1.cg.txt --chip k9ac work/condense_seq/GSM1541804_38-Per_1_K9ac_macs2_peaks.bed k27ac work/condense_seq/GSM1541800_38-Per_1_K27ac_macs2_peaks.bed k4me3 work/condense_seq/GSM1541808_38-Per_1_K4me3_macs2_peaks.bed k36me3 work/condense_seq/GSM1541812_38-Per_1_K36me3_solid_rseg.bed k36me3_2 work/condense_seq/GSM1541812_38-Per_1_K36me3_solid_rseg.bed2 k27me3a work/condense_seq/GSM1541816_38-Per_1_K27me3_rseg.bed k27me3a_2 work/condense_seq/GSM1541816_38-Per_1_K27me3_rseg.bed2 k27me3b work/condense_seq/GSM1541817_38-Per_1_K27me3_solid_rseg.bed k27me3b_2 work/condense_seq/GSM1541817_38-Per_1_K27me3_solid_rseg.bed2 k9me2 work/condense_seq/GSM1541820_38-Per_1_K9me2_rseg.bed k9me2_2 work/condense_seq/GSM1541820_38-Per_1_K9me2_rseg.bed2 k9me3 work/condense_seq/GSM1541824_38-Per_1_K9me3_rseg.bed k9me3_2 work/condense_seq/GSM1541824_38-Per_1_K9me3_rseg.bed2 -o test_mp --Nlen 171 --chr chr1 --core 10
submit_scripts/combineanot-submit	44	commented	scratch/combine_annot.py	python_script	#python scratch/combine_annot.py work/condense_seq/hg19_chr1_167win25step_cov_Bsig.cn work/condense_seq/hg19.fa --bs work/condense_seq/GSM1541790_38-Per_rep1.cg.txt --chip k9ac work/condense_seq/GSM1541804_38-Per_1_K9ac_macs2_peaks.bed k27ac work/condense_seq/GSM1541800_38-Per_1_K27ac_macs2_peaks.bed k4me3 work/condense_seq/GSM1541808_38-Per_1_K4me3_macs2_peaks.bed k36me3 work/condense_seq/GSM1541812_38-Per_1_K36me3_solid_rseg.bed2 k27me3 work/condense_seq/GSM1541816_38-Per_1_K27me3_rseg.bed2 k9me2 work/condense_seq/GSM1541820_38-Per_1_K9me2_rseg.bed2 k9me3 work/condense_seq/GSM1541824_38-Per_1_K9me3_rseg.bed2 -o hg19_chr1_167win25step_new --Bin 167 25 --chr chr1
submit_scripts/combineanot-submit	46	commented	scratch/combine_annot_edit.py	python_script	#python scratch/combine_annot_edit.py work/condense_seq/hg19_chr1_171_Ncov.cn work/condense_seq/hg19.fa --bs work/condense_seq/GSM1541790_38-Per_rep1.cg.txt --chip k9ac work/condense_seq/GSM1541804_38-Per_1_K9ac_macs2_peaks.bed k27ac work/condense_seq/GSM1541800_38-Per_1_K27ac_macs2_peaks.bed k4me3 work/condense_seq/GSM1541808_38-Per_1_K4me3_macs2_peaks.bed k36me3 work/condense_seq/GSM1541812_38-Per_1_K36me3_solid_rseg.bed k36me3_2 work/condense_seq/GSM1541812_38-Per_1_K36me3_solid_rseg.bed2 k27me3a work/condense_seq/GSM1541816_38-Per_1_K27me3_rseg.bed k27me3a_2 work/condense_seq/GSM1541816_38-Per_1_K27me3_rseg.bed2 k27me3b work/condense_seq/GSM1541817_38-Per_1_K27me3_solid_rseg.bed k27me3b_2 work/condense_seq/GSM1541817_38-Per_1_K27me3_solid_rseg.bed2 k9me2 work/condense_seq/GSM1541820_38-Per_1_K9me2_rseg.bed k9me2_2 work/condense_seq/GSM1541820_38-Per_1_K9me2_rseg.bed2 k9me3 work/condense_seq/GSM1541824_38-Per_1_K9me3_rseg.bed k9me3_2 work/condense_seq/GSM1541824_38-Per_1_K9me3_rseg.bed2 -o hg19_chr1_171_icdseq --Nlen 171 --chr chr1
submit_scripts/combineanot-submit	48	commented	scratch/combine_annot_edit.py	python_script	#python scratch/combine_annot_edit.py work/condense_seq/hg19_chr1_167win25step_cov_Bsig.cn work/condense_seq/hg19.fa --bs work/condense_seq/GSM1541790_38-Per_rep1.cg.txt --chip k9ac work/condense_seq/GSM1541804_38-Per_1_K9ac_macs2_peaks.bed k27ac work/condense_seq/GSM1541800_38-Per_1_K27ac_macs2_peaks.bed k4me3 work/condense_seq/GSM1541808_38-Per_1_K4me3_macs2_peaks.bed k36me3 work/condense_seq/GSM1541812_38-Per_1_K36me3_solid_rseg.bed2 k27me3 work/condense_seq/GSM1541816_38-Per_1_K27me3_rseg.bed2 k9me2 work/condense_seq/GSM1541820_38-Per_1_K9me2_rseg.bed2 k9me3 work/condense_seq/GSM1541824_38-Per_1_K9me3_rseg.bed2 -o hg19_chr1_167win25step_newmetric_newchip --Bin 167 25 --chr chr1
submit_scripts/concat-submit	45	active	/home/spark159/scratch/scripts/concat_gtab.py	python_script	python2 /home/spark159/scratch/scripts/concat_gtab.py ${fnames[*]} -c ${colnums[*]} -o ${outfname}
submit_scripts/condense_seq-submit	39	active	work/scripts/Binsig_bedgraph.py	python_script	python work/scripts/Binsig_bedgraph.py ${path}H1_ATAC_foldchange.bedgraph ${path}hg38.fa --chr ${chr_name} --Bsize 500 --Bstep 250 --skip -o ${path}H1_ATAC_${chr_name}
submit_scripts/condense_seq-submit	45	commented	work/scripts/coverage.py	python_script	#python work/scripts/coverage.py ${path}H1-NCP-sp-4.bam ${path}H1-NCP-sp-8.bam ${path}H1-NCP-sp-0.bam ${path}hg38.fa --chr ${chr_name} --skip -o ${path}H1_NCP_sp_${chr_name}
submit_scripts/condense_seq-submit	48	commented	work/scripts/NCPpeak.py	python_script	#python work/scripts/NCPpeak.py ${path}H1-NCP-sp-4.bam ${path}H1-NCP-sp-8.bam ${path}H1-NCP-sp-0.bam ${path}hg38.fa --chr ${chr_name} --skip -o ${path}H1_NCP_sp_${chr_name}
submit_scripts/condense_seq-submit	51	commented	work/scripts/NCPcov.py	python_script	#python work/scripts/NCPcov.py ${path}H1_NCP_sp_${chr_name}_peak.cn ${path}H1_NCP_sp_${chr_name}_cov.cn --Nlen ${win_size} --peak-choice input --chr ${chr_name} -o ${path}H1_NCP_sp_${chr_name}
submit_scripts/condense_seq-submit	54	commented	work/scripts/Binsig.py	python_script	#python work/scripts/Binsig.py ${path}H1_NCP_sp_${chr_name}_cov.cn ${path}hg38.fa --chr ${chr_name} -o ${path}H1_NCP_sp_${chr_name}_167win25step_cov
submit_scripts/condense_seq-submit	57	commented	work/scripts/Binsig.py	python_script	#python work/scripts/Binsig.py ${path}H1_NCP_sp_${chr_name}_cov.cn ${path}hg38.fa --chr ${chr_name} -o ${path}H1_NCP_sp_${chr_name}_1001win501step_cov --Bsize 1001 --Bstep 501
submit_scripts/condense_seq-submit	60	commented	work/scripts/Binsig.py	python_script	#python work/scripts/Binsig.py ${path}H1_NCP_sp_${chr_name}_cov.cn ${path}hg38.fa --chr ${chr_name} -o ${path}H1_NCP_sp_${chr_name}_10001win5001step_cov --Bsize 10001 --Bstep 5001
submit_scripts/condense_seq-submit	63	commented	work/scripts/combine_annot_edit.py	python_script	#python work/scripts/combine_annot_edit.py ${path}H1_NCP_sp_${chr_name}_Ncov.cn ${path}hg38.fa --bs CpG ${path}CpG.bed --chip H2AFZ ${path}H2AFZ.bed H3k27ac ${path}H3K27ac.bed H3K27me3 ${path}H3K27me3.bed H3K36me3 ${path}H3K36me3.bed H3K4me1 ${path}H3K4me1.bed H3K4me2 ${path}H3K4me2.bed H3K4me3 ${path}H3K4me3.bed H3K79me2 ${path}H3K79me2.bed H3K9ac ${path}H3K9ac.bed H3K9me3 ${path}H3K9me3.bed H4k20me1 ${path}H4K20me1.bed -o ${path}H1_NCP_sp_${chr_name} --Nlen 171 --chr ${chr_name} --full-seq
submit_scripts/condense_seq-submit	66	commented	work/scripts/combine_annot_edit.py	python_script	#python work/scripts/combine_annot_edit.py ${path}H1_NCP_sp_${chr_name}_167win25step_cov_Bsig.cn ${path}hg38.fa --bs CpG ${path}CpG.bed --chip H2AFZ ${path}H2AFZ.bed H3k27ac ${path}H3K27ac.bed H3K27me3 ${path}H3K27me3.bed H3K36me3 ${path}H3K36me3.bed H3K4me1 ${path}H3K4me1.bed H3K4me2 ${path}H3K4me2.bed H3K4me3 ${path}H3K4me3.bed H3K79me2 ${path}H3K79me2.bed H3K9ac ${path}H3K9ac.bed H3K9me3 ${path}H3K9me3.bed H4k20me1 ${path}H4K20me1.bed -o ${path}H1_NCP_sp_${chr_name}_167win25step --chr ${chr_name} --Bin 167 25
submit_scripts/condense_seq-submit	69	commented	work/scripts/combine_annot_edit.py	python_script	#python work/scripts/combine_annot_edit.py ${path}H1_NCP_sp_${chr_name}_1001win501step_cov_Bsig.cn ${path}hg38.fa --bs CpG ${path}CpG.bed --chip H2AFZ ${path}H2AFZ.bed H3k27ac ${path}H3K27ac.bed H3K27me3 ${path}H3K27me3.bed H3K36me3 ${path}H3K36me3.bed H3K4me1 ${path}H3K4me1.bed H3K4me2 ${path}H3K4me2.bed H3K4me3 ${path}H3K4me3.bed H3K79me2 ${path}H3K79me2.bed H3K9ac ${path}H3K9ac.bed H3K9me3 ${path}H3K9me3.bed H4k20me1 ${path}H4K20me1.bed -o ${path}H1_NCP_sp_${chr_name}_1001win501step --chr ${chr_name} --Bin 1001 501
submit_scripts/condense_seq-submit	72	commented	work/scripts/combine_annot_edit.py	python_script	#python work/scripts/combine_annot_edit.py  ${path}H1_NCP_sp_${chr_name}_10001win5001step_cov_Bsig.cn ${path}hg38.fa --bs CpG ${path}CpG.bed --chip H2AFZ ${path}H2AFZ.bed H3k27ac ${path}H3K27ac.bed H3K27me3 ${path}H3K27me3.bed H3K36me3 ${path}H3K36me3.bed H3K4me1 ${path}H3K4me1.bed H3K4me2 ${path}H3K4me2.bed H3K4me3 ${path}H3K4me3.bed H3K79me2 ${path}H3K79me2.bed H3K9ac ${path}H3K9ac.bed H3K9me3 ${path}H3K9me3.bed H4k20me1 ${path}H4K20me1.bed -o ${path}H1_NCP_sp_${chr_name}_10001win5001step --chr ${chr_name} --Bin 10001 5001
submit_scripts/condense_seq-submit	76	commented	work/scripts/profile_edit.py	python_script	#python work/scripts/profile_edit.py ${path}H1_NCP_sp_${chr_name}_occ.cn ${path}ENCFF159KBI.gtf ${path}hg38.fa --skip --chr ${chr_name} -o ${path}H1_NCP_sp_${chr_name}_TSS_occ --feature TSS --up 1000 --down 2000
submit_scripts/condense_seq-submit	77	commented	work/scripts/profile_edit.py	python_script	#python work/scripts/profile_edit.py ${path}H1_NCP_sp_${chr_name}_occ.cn ${path}ENCFF159KBI.gtf ${path}hg38.fa --skip --chr ${chr_name} -o ${path}H1_NCP_sp_${chr_name}_TTS_occ --feature TTS --up 2000 --down 1000
submit_scripts/condense_seq-submit	78	commented	work/scripts/profile_edit.py	python_script	#python work/scripts/profile_edit.py ${path}H1_NCP_sp_${chr_name}_occ.cn ${path}ENCFF159KBI.gtf ${path}hg38.fa --skip --chr ${chr_name} -o ${path}H1_NCP_sp_${chr_name}_TSS_TTS_occ --feature TSS-TTS --up 2500 --down 2500
submit_scripts/condense_seq-submit	82	commented	work/scripts/motif.py	python_script	#python work/scripts/motif.py ${path}H1_NCP_sp_${chr_name}_peak.cn ${path}hg38.fa -o ${path}H1_NCP_sp_${chr_name} --chr ${chr_name} --Mlen 151
submit_scripts/condense_seq-submit	85	commented	work/scripts/profile_edit.py	python_script	#python work/scripts/profile_edit.py ${path}H1_NCP_sp_${chr_name}_167win25step_anot.cn ${path}ENCFF159KBI.gtf ${path}hg38.fa --skip --chr ${chr_name} -o ${path}H1_NCP_sp_${chr_name}_TSS --feature TSS --up 1000 --down 2000
submit_scripts/condense_seq-submit	86	commented	work/scripts/profile_edit.py	python_script	#python work/scripts/profile_edit.py ${path}H1_NCP_sp_${chr_name}_167win25step_anot.cn ${path}ENCFF159KBI.gtf ${path}hg38.fa --skip --chr ${chr_name} -o ${path}H1_NCP_sp_${chr_name}_TTS --feature TTS --up 2000 --down 1000
submit_scripts/condense_seq-submit	87	commented	work/scripts/profile_edit.py	python_script	#python work/scripts/profile_edit.py ${path}H1_NCP_sp_${chr_name}_167win25step_anot.cn ${path}ENCFF159KBI.gtf ${path}hg38.fa --skip --chr ${chr_name} -o ${path}H1_NCP_sp_${chr_name}_TSS_TTS --feature TSS-TTS --up 2500 --down 2500
submit_scripts/condense_seq-submit	96	commented	data/scripts/lendist.py	python_script	#python data/scripts/lendist.py ${path}sp7.bam ${path}sp8.bam ${path}sp1.bam -o hg19
submit_scripts/condense_seq-submit	100	commented	data/scripts/occupancy.py	python_script	#python data/scripts/occupancy.py ${path}sp7.bam ${path}sp8.bam ${path}sp1.bam work/condense_seq/hg19.fa --skip --chr $chr_name -o ${path}hg19_${chr_name}
submit_scripts/condense_seq-submit	103	commented	data/scripts/bincount.py	python_script	#python data/scripts/bincount.py ${path}sp7.bam ${path}sp8.bam ${path}sp1.bam work/condense_seq/hg19.fa -o ${path}hg19_1kb --gc
submit_scripts/condense_seq-submit	107	commented	data/scripts/coverage.py	python_script	#python data/scripts/coverage.py ${path}sp7.bam ${path}sp8.bam ${path}sp1.bam work/condense_seq/hg19.fa --chr $chr_name --skip -o ${path}hg19_${chr_name}
submit_scripts/condense_seq-submit	111	commented	data/scripts/NCPpeak.py	python_script	#python data/scripts/NCPpeak.py ${path}sp7.bam ${path}sp8.bam ${path}sp1.bam work/condense_seq/hg19.fa --chr $chr_name --skip -o ${path}hg19_${chr_name}
submit_scripts/condense_seq-submit	115	commented	data/scripts/NCPcov.py	python_script	#python data/scripts/NCPcov.py ${path}hg19_${chr_name}_peak.cn ${path}hg19_${chr_name}_cov.cn --Nlen 171 --peak-choice input --chr ${chr_name} -o ${path}hg19_${chr_name}
submit_scripts/condense_seq-submit	119	commented	data/scripts/Binsig.py	python_script	#python data/scripts/Binsig.py ${path}hg19_${chr_name}_cov.cn work/condense_seq/hg19.fa --chr $chr_name -o ${path}hg19_${chr_name}_167win25step_cov
submit_scripts/condense_seq-submit	122	commented	data/scripts/Binsig.py	python_script	#python data/scripts/Binsig.py ${path}hg19_${chr_name}_cov.cn work/condense_seq/hg19.fa --chr $chr_name -o ${path}hg19_${chr_name}_1001win501step_cov --Bsize 1001 --Bstep 501
submit_scripts/condense_seq-submit	125	commented	data/scripts/Binsig.py	python_script	#python data/scripts/Binsig.py ${path}hg19_${chr_name}_cov.cn work/condense_seq/hg19.fa --chr $chr_name -o ${path}hg19_${chr_name}_10001win5001step_cov --Bsize 10001 --Bstep 5001
submit_scripts/condense_seq-submit	130	commented	data/scripts/combine_annot_edit.py	python_script	#python data/scripts/combine_annot_edit.py ${path}hg19_${chr_name}_Ncov.cn work/condense_seq/hg19.fa --bs work/condense_seq/GSM1541790_38-Per_rep1.cg.txt --chip k9ac work/condense_seq/GSM1541804_38-Per_1_K9ac_macs2_peaks.bed k27ac work/condense_seq/GSM1541800_38-Per_1_K27ac_macs2_peaks.bed k4me3 work/condense_seq/GSM1541808_38-Per_1_K4me3_macs2_peaks.bed k36me3 work/condense_seq/GSM1541812_38-Per_1_K36me3_solid_rseg.bed k36me3_2 work/condense_seq/GSM1541812_38-Per_1_K36me3_solid_rseg.bed2 k27me3a work/condense_seq/GSM1541816_38-Per_1_K27me3_rseg.bed k27me3a_2 work/condense_seq/GSM1541816_38-Per_1_K27me3_rseg.bed2 k27me3b work/condense_seq/GSM1541817_38-Per_1_K27me3_solid_rseg.bed k27me3b_2 work/condense_seq/GSM1541817_38-Per_1_K27me3_solid_rseg.bed2 k9me2 work/condense_seq/GSM1541820_38-Per_1_K9me2_rseg.bed k9me2_2 work/condense_seq/GSM1541820_38-Per_1_K9me2_rseg.bed2 k9me3 work/condense_seq/GSM1541824_38-Per_1_K9me3_rseg.bed k9me3_2 work/condense_seq/GSM1541824_38-Per_1_K9me3_rseg.bed2 -o ${path}hg19_${chr_name}_NCP_ics --Nlen 171 --chr $chr_name --full-seq
submit_scripts/condense_seq-submit	135	commented	data/scripts/combine_annot_edit.py	python_script	#python data/scripts/combine_annot_edit.py ${path}hg19_${chr_name}_167win25step_cov_Bsig.cn work/condense_seq/hg19.fa --bs work/condense_seq/GSM1541790_38-Per_rep1.cg.txt --chip k9ac work/condense_seq/GSM1541804_38-Per_1_K9ac_macs2_peaks.bed k27ac work/condense_seq/GSM1541800_38-Per_1_K27ac_macs2_peaks.bed k4me3 work/condense_seq/GSM1541808_38-Per_1_K4me3_macs2_peaks.bed k36me3 work/condense_seq/GSM1541812_38-Per_1_K36me3_solid_rseg.bed2 k27me3 work/condense_seq/GSM1541816_38-Per_1_K27me3_rseg.bed2 k9me2 work/condense_seq/GSM1541820_38-Per_1_K9me2_rseg.bed2 k9me3 work/condense_seq/GSM1541824_38-Per_1_K9me3_rseg.bed2 -o ${path}hg19_${chr_name}_167win25step --Bin 167 25 --chr $chr_name --full-seq
submit_scripts/condense_seq-submit	137	commented	data/scripts/combine_annot_edit.py	python_script	#python data/scripts/combine_annot_edit.py ${path}hg19_${chr_name}_1001win501step_cov_Bsig.cn work/condense_seq/hg19.fa --bs work/condense_seq/GSM1541790_38-Per_rep1.cg.txt --chip k9ac work/condense_seq/GSM1541804_38-Per_1_K9ac_macs2_peaks.bed k27ac work/condense_seq/GSM1541800_38-Per_1_K27ac_macs2_peaks.bed k4me3 work/condense_seq/GSM1541808_38-Per_1_K4me3_macs2_peaks.bed k36me3 work/condense_seq/GSM1541812_38-Per_1_K36me3_solid_rseg.bed2 k27me3 work/condense_seq/GSM1541816_38-Per_1_K27me3_rseg.bed2 k9me2 work/condense_seq/GSM1541820_38-Per_1_K9me2_rseg.bed2 k9me3 work/condense_seq/GSM1541824_38-Per_1_K9me3_rseg.bed2 -o ${path}hg19_${chr_name}_1001win501step --Bin 1001 501 --chr $chr_name --full-seq
submit_scripts/condense_seq-submit	139	commented	data/scripts/combine_annot_edit.py	python_script	#python data/scripts/combine_annot_edit.py ${path}hg19_${chr_name}_10001win5001step_cov_Bsig.cn work/condense_seq/hg19.fa --bs work/condense_seq/GSM1541790_38-Per_rep1.cg.txt --chip k9ac work/condense_seq/GSM1541804_38-Per_1_K9ac_macs2_peaks.bed k27ac work/condense_seq/GSM1541800_38-Per_1_K27ac_macs2_peaks.bed k4me3 work/condense_seq/GSM1541808_38-Per_1_K4me3_macs2_peaks.bed k36me3 work/condense_seq/GSM1541812_38-Per_1_K36me3_solid_rseg.bed2 k27me3 work/condense_seq/GSM1541816_38-Per_1_K27me3_rseg.bed2 k9me2 work/condense_seq/GSM1541820_38-Per_1_K9me2_rseg.bed2 k9me3 work/condense_seq/GSM1541824_38-Per_1_K9me3_rseg.bed2 -o ${path}hg19_${chr_name}_10001win5001step --Bin 10001 5001 --chr $chr_name
submit_scripts/condense_seq-submit	143	commented	data/scripts/profile_edit.py	python_script	#python data/scripts/profile_edit.py ${path}hg19_${chr_name}_occ.cn work/condense_seq/Homo_sapiens.GRCh37.87.gtf work/condense_seq/hg19.fa --skip --chr $chr_name -o ${path}hg19_${chr_name}_gtf_TSS_occ --feature TSS --up 1000 --down 2000
submit_scripts/condense_seq-submit	144	commented	data/scripts/profile_edit.py	python_script	#python data/scripts/profile_edit.py ${path}hg19_${chr_name}_occ.cn work/condense_seq/Homo_sapiens.GRCh37.87.gtf work/condense_seq/hg19.fa --skip --chr $chr_name -o ${path}hg19_${chr_name}_gtf_TTS_occ --feature TTS --up 2000 --down 1000
submit_scripts/condense_seq-submit	145	commented	data/scripts/profile_edit.py	python_script	#python data/scripts/profile_edit.py ${path}hg19_${chr_name}_occ.cn work/condense_seq/Homo_sapiens.GRCh37.87.gtf work/condense_seq/hg19.fa --skip --chr $chr_name -o ${path}hg19_${chr_name}_gtf_TSS_TTS_occ --feature TSS-TTS --up 2500 --down 2500
submit_scripts/condense_seq-submit	150	commented	data/scripts/motif.py	python_script	#python data/scripts/motif.py ${path}hg19_${chr_name}_peak.cn work/condense_seq/hg19.fa -o ${path}hg19_${chr_name} --chr $chr_name
submit_scripts/condense_seq-submit	154	commented	data/scripts/profile_edit.py	python_script	#python data/scripts/profile_edit.py ${path}hg19_${chr_name}_167win25step_anot.cn work/condense_seq/Homo_sapiens.GRCh37.87.gtf work/condense_seq/hg19.fa --skip --chr $chr_name -o ${path}hg19_${chr_name}_gtf_TSS --feature TSS --up 1000 --down 2000
submit_scripts/condense_seq-submit	155	commented	data/scripts/profile_edit.py	python_script	#python data/scripts/profile_edit.py ${path}hg19_${chr_name}_167win25step_anot.cn work/condense_seq/Homo_sapiens.GRCh37.87.gtf work/condense_seq/hg19.fa --skip --chr $chr_name -o ${path}hg19_${chr_name}_gtf_TTS --feature TTS --up 2000 --down 1000
submit_scripts/condense_seq-submit	156	commented	data/scripts/profile_edit.py	python_script	#python data/scripts/profile_edit.py ${path}hg19_${chr_name}_167win25step_anot.cn work/condense_seq/Homo_sapiens.GRCh37.87.gtf work/condense_seq/hg19.fa --skip --chr $chr_name -o ${path}hg19_${chr_name}_gtf_TSS_TTS --feature TSS-TTS --up 2500 --down 2500
submit_scripts/condense_seq-submit_edit	55	active	/home/spark159/scratch/scripts/coverage.py	python_script	python2 /home/spark159/scratch/scripts/coverage.py ${files[*]} ${refname} --chr ${chr_name} --skip -o ${outfname}
submit_scripts/condense_seq-submit_edit	58	active	/home/spark159/scratch/scripts/NCPpeak.py	python_script	python2 /home/spark159/scratch/scripts/NCPpeak.py ${files[*]} ${refname} --chr ${chr_name} --skip -o ${outfname}
submit_scripts/condense_seq-submit_edit	61	active	/home/spark159/scratch/scripts/NCPcov.py	python_script	python2 /home/spark159/scratch/scripts/NCPcov.py ${outfname}_peak.cn ${outfname}_cov.cn --Nlen 171 --peak-choice input --chr ${chr_name} -o ${outfname}
submit_scripts/condense_seq-submit_edit	64	active	/home/spark159/scratch/scripts/Binsig.py	python_script	python2 /home/spark159/scratch/scripts/Binsig.py ${outfname}_cov.cn ${refname} --chr ${chr_name} -o ${outfname}_167win25step_cov
submit_scripts/condense_seq-submit_edit	67	active	/home/spark159/scratch/scripts/Binsig.py	python_script	python2 /home/spark159/scratch/scripts/Binsig.py ${outfname}_cov.cn ${refname} --chr ${chr_name} -o ${outfname}_1001win501step_cov --Bsize 1001 --Bstep 501
submit_scripts/condense_seq-submit_edit	70	active	/home/spark159/scratch/scripts/Binsig.py	python_script	python2 /home/spark159/scratch/scripts/Binsig.py ${outfname}_cov.cn ${refname} --chr ${chr_name} -o ${outfname}_10001win5001step_cov --Bsize 10001 --Bstep 5001
submit_scripts/condense_seq-submit_serial	60	active	/home/spark159/scratch/scripts/coverage.py	python_script	python2 /home/spark159/scratch/scripts/coverage.py ${files[*]} ${refname} --chr ${chr_name} --skip -o ${outfname}_${chr_name}
submit_scripts/condense_seq-submit_serial	63	active	/home/spark159/scratch/scripts/NCPpeak.py	python_script	python2 /home/spark159/scratch/scripts/NCPpeak.py ${files[*]} ${refname} --chr ${chr_name} --skip -o ${outfname}_${chr_name}
submit_scripts/condense_seq-submit_serial	66	active	/home/spark159/scratch/scripts/NCPcov.py	python_script	python2 /home/spark159/scratch/scripts/NCPcov.py ${outfname}_peak.cn ${outfname}_cov.cn --Nlen 171 --peak-choice input --chr ${chr_name} -o ${outfname}_${chr_name}
submit_scripts/condense_seq-submit_serial	69	active	/home/spark159/scratch/scripts/Binsig.py	python_script	python2 /home/spark159/scratch/scripts/Binsig.py ${outfname}_cov.cn ${refname} --chr ${chr_name} -o ${outfname}_${chr_name}_167win25step_cov
submit_scripts/condense_seq-submit_serial	72	active	/home/spark159/scratch/scripts/Binsig.py	python_script	python2 /home/spark159/scratch/scripts/Binsig.py ${outfname}_cov.cn ${refname} --chr ${chr_name} -o ${outfname}_${chr_name}_1001win501step_cov --Bsize 1001 --Bstep 501
submit_scripts/condense_seq-submit_serial	75	active	/home/spark159/scratch/scripts/Binsig.py	python_script	python2 /home/spark159/scratch/scripts/Binsig.py ${outfname}_cov.cn ${refname} --chr ${chr_name} -o ${outfname}_${chr_name}_10001win5001step_cov --Bsize 10001 --Bstep 5001
submit_scripts/coverage-submit	48	active	/home/spark159/scratch/scripts/coverage_ver3.py	python_script	python2 /home/spark159/scratch/scripts/coverage_ver3.py ${files[*]} ${refname} --chr ${chr_name} --skip -o ${outfname}
submit_scripts/dpos-submit	23	active	danpos-2.2.2/danpos.py	python_script	python danpos-2.2.2/danpos.py dpos work/condense_seq/sp1_hg19_chr1.bam -m 1
submit_scripts/inps-submit	23	commented	scratch/bamtobed.py	python_script	#python2 scratch/bamtobed.py work/condense_seq/sp1_hg19_chr1.bam -o work/condense_seq/sp1_hg19_chr1
submit_scripts/inps-submit	24	commented	iNPS/iNPS_V1.2.2.py	python_script	#python3 iNPS/iNPS_V1.2.2.py -i work/condense_seq/sp1_hg19_chr1.bed -o ./output1 --s_p p
submit_scripts/inps-submit	26	commented	scratch/bamtobed.py	python_script	#python2 scratch/bamtobed.py work/condense_seq/sp9_hg19_chr1.bam -o work/condense_seq/sp9_hg19_chr1
submit_scripts/inps-submit	27	commented	iNPS/iNPS_V1.2.2.py	python_script	#python3 iNPS/iNPS_V1.2.2.py -i work/condense_seq/sp9_hg19_chr1.bed -o ./output9 --s_p p
submit_scripts/inps-submit	29	commented	scratch/bamtobed.py	python_script	#python2 scratch/bamtobed.py work/condense_seq/sp10_hg19_chr1.bam -o work/condense_seq/sp10_hg19_chr1
submit_scripts/inps-submit	30	active	iNPS/iNPS_V1.2.2.py	python_script	python3 iNPS/iNPS_V1.2.2.py -i work/condense_seq/sp10_hg19_chr1.bed -o ./output10 --s_p p
submit_scripts/lendist-submit	42	active	/home/spark159/scratch/scripts/lendist.py	python_script	python2 /home/spark159/scratch/scripts/lendist.py ${files[*]} -o ${outfname}
submit_scripts/lendist_submit	42	commented	data/scripts/bincount.py	python_script	#python data/scripts/bincount.py ${files[1]} ${files[2]} ${files[3]} ${files[4]} ${files[5]} ${files[6]} ${files[7]} ${files[0]} work/condense_seq/hg19.fa -o $outfname -w 1000 --gc
submit_scripts/lendist_submit	44	commented	data/scripts/bincount.py	python_script	#python data/scripts/bincount.py ${files[1]} ${files[2]} ${files[3]} ${files[4]} ${files[5]} ${files[6]} ${files[7]} ${files[0]} $refname -o $outfname -w 1000 --gc
submit_scripts/lendist_submit	46	commented	work/scripts/bincount.py	python_script	#python work/scripts/bincount.py ${files[1]} ${files[2]} ${files[3]} ${files[4]} ${files[5]} ${files[0]} ${refname} -o ${outfname} -w ${winsize} --gc
submit_scripts/lendist_submit	48	commented	work/scripts/lendist.py	python_script	#python work/scripts/lendist.py ${files[1]} ${files[2]} ${files[3]} ${files[4]} ${files[5]} ${files[0]} -o ${outfname}
submit_scripts/lendist_submit	50	commented	work/scripts/lendist.py	python_script	#python work/scripts/lendist.py ${files[*]} -o ${outfname}
submit_scripts/lendist_submit	52	active	/home/spark159/scratch/scripts/lendist.py	python_script	python2 /home/spark159/scratch/scripts/lendist.py ${files[*]} -o ${outfname}
submit_scripts/load_ENCODE.py	93	active			subprocess.call(["sbatch", "annot_submit", "-f",infname, "-x", refname, "-c", chr, "-o", outfname, "-b", bs_files, "-h", chip_files])
submit_scripts/logistic-submit	57	active	/home/spark159/scratch/scripts/logistic_fit_ver3.py	python_script	python /home/spark159/scratch/scripts/logistic_fit_ver3.py ${files[*]} -t ${tfname} --tnum ${tnums[*]} --model ${model} --min_rsq ${min_rsq} --min_top 1 --max_top 1 --min_bottom 0 --max_bottom 0 --min_rate 0 --max_rate 100 -o ${outfname}
submit_scripts/makeprofile-submit	45	active	/home/spark159/scratch/scripts/make_profile_ver2.py	python_script	python2 /home/spark159/scratch/scripts/make_profile_ver2.py ${fname} ${gtfname} ${refname} -o ${outfname} --skip --chr ${chr_name} --feature ${feature} --up ${upstream} --down ${downstream}
submit_scripts/maketable-submit	102	active	/home/spark159/scratch/scripts/make_table_ver5.py	python_script	python2 /home/spark159/scratch/scripts/make_table_ver5.py ${fname} ${refname} --chr ${chr_list[*]} -o ${outfname} ${binsize_input[*]} ${binstep_input[*]} ${bs_input[*]} ${chip_input[*]} ${gtab_input[*]} ${extra}
submit_scripts/motif-submit	43	active	/home/spark159/scratch/scripts/motif.py	python_script	python2 /home/spark159/scratch/scripts/motif.py ${fname} ${refname} -o ${outfname} --chr ${chr_name} --Mlen 151
submit_scripts/occupancy-submit	50	active	/home/spark159/scratch/scripts/occupancy_edit.py	python_script	python2 /home/spark159/scratch/scripts/occupancy_edit.py ${files[*]} ${refname} --skip --chr ${chr_name} -o ${outfname}
submit_scripts/profile_submit	43	active	/home/spark159/scratch/scripts/profileM_edit.py	python_script	python2 /home/spark159/scratch/scripts/profileM_edit.py ${fname} ${gtfname} ${refname} -o ${outfname}_TSS-TTS --skip --chr ${chr_name} --feature TSS-TTS --up 2500 --down 2500
submit_scripts/profile_submit	45	active	/home/spark159/scratch/scripts/profileM_edit.py	python_script	python2 /home/spark159/scratch/scripts/profileM_edit.py ${fname} ${gtfname} ${refname} -o ${outfname}_TSS --skip --chr ${chr_name} --feature TSS --up 1000 --down 2000
submit_scripts/profile_submit	47	active	/home/spark159/scratch/scripts/profileM_edit.py	python_script	python2 /home/spark159/scratch/scripts/profileM_edit.py ${fname} ${gtfname} ${refname} -o ${outfname}_TTS --skip --chr ${chr_name} --feature TTS --up 2000 --down 1000
submit_scripts/profile_submit_edit	43	active	/home/spark159/scratch/scripts/profileM_ver2.py	python_script	python2 /home/spark159/scratch/scripts/profileM_ver2.py ${fname} ${gtfname} ${refname} -o ${outfname}_TSS-TTS --skip --chr ${chr_name} --feature TSS-TTS --up 5000 --down 2500 --domain-frac 0.5
submit_scripts/profile_submit_edit	45	active	/home/spark159/scratch/scripts/profileM_ver2.py	python_script	python2 /home/spark159/scratch/scripts/profileM_ver2.py ${fname} ${gtfname} ${refname} -o ${outfname}_TSS --skip --chr ${chr_name} --feature TSS --up 2500 --down 5000
submit_scripts/profile_submit_edit	47	commented	/home/spark159/scratch/scripts/profileM_edit_edit.py	python_script	#python2 /home/spark159/scratch/scripts/profileM_edit_edit.py ${fname} ${gtfname} ${refname} -o ${outfname}_TTS --skip --chr ${chr_name} --feature TTS --up 2000 --down 1000
submit_scripts/python-submit	24	commented	UMAP_after_NMF.py	python_script	#python UMAP_after_NMF.py
submit_scripts/python-submit	25	commented	predictive_models.py	python_script	#python predictive_models.py
submit_scripts/python-submit	28	commented	NCPbincount.py	python_script	#python NCPbincount.py work/condense_seq/sp9_hg19.sorted.bam work/condense_seq/sp10_hg19.sorted.bam -c work/condense_seq/sp1_hg19.sorted.bam -x work/condense_seq/hg19.fa -o 10000win_noselect -w 10000 --min 0 --max 10000
submit_scripts/python-submit	29	commented	NCPcount.py	python_script	#python NCPcount.py work/condense_seq/sp9.chr1.bam work/condense_seq/sp10.chr1.bam work/condense_seq/sp1.chr1.bam
submit_scripts/python-submit	44	commented	sort.py	python_script	#python sort.py work/slide_seq/H5TYLBCX2_2_ACAGTG_1.fastq work/slide_seq/H5TYLBCX2_2_ACAGTG_2.fastq work/slide_seq/polyAscanlib -s
submit_scripts/python-submit	45	commented	sort.py	python_script	#python sort.py work/slide_seq/H5TYLBCX2_2_ACTTGA_1.fastq work/slide_seq/H5TYLBCX2_2_ACTTGA_2.fastq work/slide_seq/polyAscanlib -s
submit_scripts/python-submit	46	commented	sort.py	python_script	#python sort.py work/slide_seq/H5TYLBCX2_2_GCCAAT_1.fastq work/slide_seq/H5TYLBCX2_2_GCCAAT_2.fastq work/slide_seq/polyAscanlib -s
submit_scripts/python-submit	47	commented	sort.py	python_script	#python sort.py work/slide_seq/H5TYLBCX2_2_GGCTAC_1.fastq work/slide_seq/H5TYLBCX2_2_GGCTAC_2.fastq work/slide_seq/polyAscanlib -s
submit_scripts/python-submit	48	commented	sort.py	python_script	#python sort.py work/slide_seq/H5TYLBCX2_2_TTAGGC_1.fastq work/slide_seq/H5TYLBCX2_2_TTAGGC_2.fastq work/slide_seq/polyAscanlib -s
submit_scripts/python-submit	49	commented	coverage.py	python_script	#python coverage.py work/condense_seq/sp9_hg19.sorted.bam work/condense_seq/sp10_hg19.sorted.bam work/condense_seq/sp1_hg19.sorted.bam -x work/condense_seq/hg19.fa -o hg19
submit_scripts/python-submit	50	commented	NCPcount.py	python_script	#python NCPcount.py work/condense_seq/sp9_hg19.sorted.bam work/condense_seq/sp10_hg19.sorted.bam work/condense_seq/sp1_hg19.sorted.bam -x work/condense_seq/hg19.fa -o work/condense_seq/hg19_chr22 --chr chr22 --cov --min --max
submit_scripts/python-submit	51	commented	NCPcov_simple.py	python_script	#python NCPcov_simple.py work/condense_seq/hg19_chr22_NCP.cn work/condense_seq/hg19_chr22_cov.cn -o work/condense_seq/hg19_chr22_171 --Nlen 171
submit_scripts/python-submit	53	commented	lendist.py	python_script	#python lendist.py work/condense_seq/sp9_hg19.sorted.bam work/condense_seq/sp10_hg19.sorted.bam work/condense_seq/sp1_hg19.sorted.bam
submit_scripts/python-submit	55	commented	scratch/coverage.py	python_script	#python scratch/coverage.py work/condense_seq/test.bam work/condense_seq/hg19.fa --chr chr1 --skip
submit_scripts/python-submit	56	commented	scratch/bamtobed.py	python_script	#python scratch/bamtobed.py work/condense_seq/sp1_hg19_chr1.bam
submit_scripts/python-submit	57	commented	danpos-2.2.2/xlstocn.py	python_script	#python danpos-2.2.2/xlstocn.py
submit_scripts/python-submit	58	commented	scratch/NCPcov.py	python_script	#python scratch/NCPcov.py iNPS_peak.cn work/condense_seq/hg19_chr1_cov.cn --chr chr1 -o iNPS --Nlen 171
submit_scripts/python-submit	59	commented	likebedtocn.py	python_script	#python likebedtocn.py
submit_scripts/python-submit	61	commented	NCPocc.py	python_script	#python NCPocc.py DANPOS_sp1_chr1_peak.cn work/condense_seq/hg19.fa --cov hg19_chr1_cov.cn --skip --chr chr1 -o here
submit_scripts/python-submit	62	commented	profile.py	python_script	#python profile.py hg19_chr1_cov.cn work/condense_seq/hgTables work/condense_seq/hg19.fa --skip --chr chr1
submit_scripts/python-submit	63	commented	coverage.py	python_script	#python coverage.py work/condense_seq/sp9_hg19_chr1.bam work/condense_seq/sp10_hg19_chr1.bam work/condense_seq/sp1_hg19_chr1.bam work/condense_seq/hg19.fa --skip --chr chr1
submit_scripts/python-submit	64	commented	scratch/NCPcov.py	python_script	#python scratch/NCPcov.py work/condense_seq/sp1_hg19_chr1_iNPS_peak.cn work/condense_seq/hg19_chr1_cov.cn --Nlen 171
submit_scripts/python-submit	65	commented	scratch/NCPbincount.py	python_script	#python scratch/NCPbincount.py work/condense_seq/sp9_hg19.bam work/condense_seq/sp10_hg19.bam work/condense_seq/sp1_hg19.bam work/condense_seq/hg19.fa
submit_scripts/python-submit	67	commented	scratch/NCPocc.py	python_script	#python scratch/NCPocc.py work/condense_seq/sp1_hg19_chr1_iNPS_peak.cn work/condense_seq/hg19.fa --chr chr1 --skip -o test1
submit_scripts/python-submit	68	commented	scratch/NCPocc.py	python_script	#python scratch/NCPocc.py work/condense_seq/sp1_hg19_chr1_iNPS_peak.cn work/condense_seq/hg19.fa --chr chr1 --skip --sigma -o test2
submit_scripts/python-submit	70	commented	scratch/profile.py	python_script	#python scratch/profile.py work/condense_seq/hg19_chr1_cov.cn work/condense_seq/hgTables work/condense_seq/hg19.fa --skip --chr chr1 -o test3
submit_scripts/python-submit	71	commented	scratch/profile.py	python_script	#python scratch/profile.py work/condense_seq/hg19_chr1_cov.cn work/condense_seq/hgTables work/condense_seq/hg19.fa --skip --chr chr1 -o test4 --feature TTS
submit_scripts/python-submit	72	commented	scratch/NCPocc.py	python_script	#python scratch/NCPocc.py GSM907784_mnase_mids_NA18508_126_to_184.cn work/condense_seq/hg19.fa --chr chr1 --skip -o GS1 --Nlen 73
submit_scripts/python-submit	74	commented	scratch/NCPocc.py	python_script	#python scratch/NCPocc.py GSM907784_mnase_mids_NA18508_126_to_184.cn work/condense_seq/hg19.fa --chr chr1 --skip -o GS2 --sigma
submit_scripts/python-submit	75	commented	scratch/occupancy.py	python_script	#python scratch/occupancy.py work/condense_seq/sp9_hg19.bam work/condense_seq/sp10_hg19.bam work/condense_seq/sp1_hg19.bam work/condense_seq/hg19.fa --skip --chr chr1 -o hg19_chr1
submit_scripts/python-submit	77	commented	scratch/profile.py	python_script	#python scratch/profile.py work/condense_seq/hg19_chr1_occ.cn work/condense_seq/hgTables work/condense_seq/hg19.fa --skip --chr chr1 -o hg19_chr1_TTS --feature TTS --up 2000 --down 1000
submit_scripts/python-submit	78	commented	scratch/NCPpeak.py	python_script	#python scratch/NCPpeak.py work/condense_seq/sp9_hg19.bam work/condense_seq/sp10_hg19.bam work/condense_seq/sp1_hg19.bam work/condense_seq/hg19.fa --cov --skip --chr chr1
submit_scripts/python-submit	80	commented	scratch/NCPcov.py	python_script	#python scratch/NCPcov.py work/condense_seq/hg19_chr1_peak.cn work/condense_seq/hg19_chr1_cov.cn --Nlen 171 --peak-choice input
submit_scripts/python-submit	81	commented	scratch/NCPcov.py	python_script	#python scratch/NCPcov.py work/condense_seq/hg19_chr1_peak.cn work/condense_seq/hg19_chr1_filtered_cov.cn --Nlen 171 --peak-choice input -o filtered
submit_scripts/python-submit	83	commented	scratch/Binsig.py	python_script	#python scratch/Binsig.py work/condense_seq/hg19_chr1_cov.cn work/condense_seq/hg19.fa --chr chr1 -o hg19_chr1_167win25step_cov
submit_scripts/python-submit	85	commented	scratch/profile.py	python_script	#python scratch/profile.py work/condense_seq/hg19_chr1_occ.cn work/condense_seq/hgTables work/condense_seq/hg19.fa --skip --chr chr1 -o hg19_chr1_CSS --feature CSS --up 1000 --down 2000
submit_scripts/python-submit	86	commented	scratch/profile.py	python_script	#python scratch/profile.py work/condense_seq/hg19_chr1_occ.cn work/condense_seq/hgTables work/condense_seq/hg19.fa --skip --chr chr1 -o hg19_chr1_CTS --feature CTS --up 2000 --down 1000
submit_scripts/python-submit	88	commented	scratch/profile.py	python_script	#python scratch/profile.py work/condense_seq/hg19_chr1_occ.cn work/condense_seq/hgTables work/condense_seq/hg19.fa --skip --chr chr1 -o hg19_chr1_ESS --feature ESS --up 1000 --down 2000
submit_scripts/python-submit	89	commented	scratch/profile.py	python_script	#python scratch/profile.py work/condense_seq/hg19_chr1_occ.cn work/condense_seq/hgTables work/condense_seq/hg19.fa --skip --chr chr1 -o hg19_chr1_ETS --feature ETS --up 2000 --down 1000
submit_scripts/python-submit	91	commented	scratch/imputation_edit.py	python_script	#python scratch/imputation_edit.py
submit_scripts/python-submit	92	commented	data/scripts/make_data.py	python_script	#python data/scripts/make_data.py data/scripts/IDlib_bubble_0_1rep_.combined.sort data/scripts/IDlib_bubble_0_2rep_.combined.sort --pad 3 --mchoice I --fill bayesian
submit_scripts/python-submit	98	commented	data/scripts/lendist.py	python_script	#python data/scripts/lendist.py data/sp_spd_tests_detail/sp7.bam data/sp_spd_tests_detail/sp8.bam data/sp_spd_tests_detail/sp1.bam -o hg19
submit_scripts/python-submit	101	commented	data/scripts/occupancy.py	python_script	#python data/scripts/occupancy.py data/sp_spd_tests_detail/sp7.bam data/sp_spd_tests_detail/sp8.bam data/sp_spd_tests_detail/sp1.bam work/condense_seq/hg19.fa --skip --chr chr1 -o hg19_chr1
submit_scripts/python-submit	104	commented	data/scripts/bincount.py	python_script	#python data/scripts/bincount.py data/sp_spd_tests_detail/sp7.bam data/sp_spd_tests_detail/sp8.bam data/sp_spd_tests_detail/sp1.bam work/condense_seq/hg19.fa -o hg19_1kb --gc
submit_scripts/python-submit	107	commented	data/scripts/coverage.py	python_script	#python data/scripts/coverage.py data/sp_spd_tests_detail/sp7.bam data/sp_spd_tests_detail/sp8.bam data/sp_spd_tests_detail/sp1.bam work/condense_seq/hg19.fa --chr chr1 --skip -o hg19_chr1
submit_scripts/python-submit	110	commented	data/scripts/NCPpeak.py	python_script	#python data/scripts/NCPpeak.py data/sp_spd_tests_detail/sp7.bam data/sp_spd_tests_detail/sp8.bam data/sp_spd_tests_detail/sp1.bam work/condense_seq/hg19.fa --chr chr1 --skip -o hg19_chr1
submit_scripts/python-submit	113	commented	data/scripts/NCPcov.py	python_script	#python data/scripts/NCPcov.py data/sp_spd_tests_detail/hg19_chr1_peak.cn data/sp_spd_tests_detail/hg19_chr1_cov.cn --Nlen 171 --peak-choice input --chr chr1 -o hg19_chr1
submit_scripts/python-submit	116	commented	data/scripts/Binsig.py	python_script	#python data/scripts/Binsig.py data/sp_spd_tests_detail/hg19_chr1_cov.cn work/condense_seq/hg19.fa --chr chr1 -o hg19_chr1_167win25step_cov
submit_scripts/python-submit	119	commented	data/scripts/Binsig.py	python_script	#python data/scripts/Binsig.py data/sp_spd_tests_detail/hg19_chr1_cov.cn work/condense_seq/hg19.fa --chr chr1 -o hg19_chr1_1001win501step_cov --Bsize 1001 --Bstep 501
submit_scripts/python-submit	122	commented	data/scripts/Binsig.py	python_script	#python data/scripts/Binsig.py data/sp_spd_tests_detail/hg19_chr1_cov.cn work/condense_seq/hg19.fa --chr chr1 -o hg19_chr1_10001win5001step_cov --Bsize 10001 --Bstep 5001
submit_scripts/python-submit	126	commented	data/scripts/combine_annot_edit.py	python_script	#python data/scripts/combine_annot_edit.py data/sp_spd_tests_detail/hg19_chr1_Ncov.cn work/condense_seq/hg19.fa --bs work/condense_seq/GSM1541790_38-Per_rep1.cg.txt --chip k9ac work/condense_seq/GSM1541804_38-Per_1_K9ac_macs2_peaks.bed k27ac work/condense_seq/GSM1541800_38-Per_1_K27ac_macs2_peaks.bed k4me3 work/condense_seq/GSM1541808_38-Per_1_K4me3_macs2_peaks.bed k36me3 work/condense_seq/GSM1541812_38-Per_1_K36me3_solid_rseg.bed k36me3_2 work/condense_seq/GSM1541812_38-Per_1_K36me3_solid_rseg.bed2 k27me3a work/condense_seq/GSM1541816_38-Per_1_K27me3_rseg.bed k27me3a_2 work/condense_seq/GSM1541816_38-Per_1_K27me3_rseg.bed2 k27me3b work/condense_seq/GSM1541817_38-Per_1_K27me3_solid_rseg.bed k27me3b_2 work/condense_seq/GSM1541817_38-Per_1_K27me3_solid_rseg.bed2 k9me2 work/condense_seq/GSM1541820_38-Per_1_K9me2_rseg.bed k9me2_2 work/condense_seq/GSM1541820_38-Per_1_K9me2_rseg.bed2 k9me3 work/condense_seq/GSM1541824_38-Per_1_K9me3_rseg.bed k9me3_2 work/condense_seq/GSM1541824_38-Per_1_K9me3_rseg.bed2 -o hg19_chr1_NCP_ics --Nlen 171 --chr chr1 --full-seq
submit_scripts/python-submit	129	commented	data/scripts/combine_annot_edit.py	python_script	#python data/scripts/combine_annot_edit.py data/sp_spd_tests_detail/hg19_chr1_167win25step_cov_Bsig.cn work/condense_seq/hg19.fa --bs work/condense_seq/GSM1541790_38-Per_rep1.cg.txt --chip k9ac work/condense_seq/GSM1541804_38-Per_1_K9ac_macs2_peaks.bed k27ac work/condense_seq/GSM1541800_38-Per_1_K27ac_macs2_peaks.bed k4me3 work/condense_seq/GSM1541808_38-Per_1_K4me3_macs2_peaks.bed k36me3 work/condense_seq/GSM1541812_38-Per_1_K36me3_solid_rseg.bed2 k27me3 work/condense_seq/GSM1541816_38-Per_1_K27me3_rseg.bed2 k9me2 work/condense_seq/GSM1541820_38-Per_1_K9me2_rseg.bed2 k9me3 work/condense_seq/GSM1541824_38-Per_1_K9me3_rseg.bed2 -o hg19_chr1_167win25step --Bin 167 25 --chr chr1 --full-seq
submit_scripts/python-submit	130	commented	data/scripts/combine_annot_edit.py	python_script	#python data/scripts/combine_annot_edit.py data/sp_spd_tests_detail/hg19_chr1_1001win501step_cov_Bsig.cn work/condense_seq/hg19.fa --bs work/condense_seq/GSM1541790_38-Per_rep1.cg.txt --chip k9ac work/condense_seq/GSM1541804_38-Per_1_K9ac_macs2_peaks.bed k27ac work/condense_seq/GSM1541800_38-Per_1_K27ac_macs2_peaks.bed k4me3 work/condense_seq/GSM1541808_38-Per_1_K4me3_macs2_peaks.bed k36me3 work/condense_seq/GSM1541812_38-Per_1_K36me3_solid_rseg.bed2 k27me3 work/condense_seq/GSM1541816_38-Per_1_K27me3_rseg.bed2 k9me2 work/condense_seq/GSM1541820_38-Per_1_K9me2_rseg.bed2 k9me3 work/condense_seq/GSM1541824_38-Per_1_K9me3_rseg.bed2 -o hg19_chr1_1001win501step --Bin 1001 501 --chr chr1 --full-seq
submit_scripts/python-submit	131	commented	data/scripts/combine_annot_edit.py	python_script	#python data/scripts/combine_annot_edit.py data/sp_spd_tests_detail/hg19_chr1_10001win5001step_cov_Bsig.cn work/condense_seq/hg19.fa --bs work/condense_seq/GSM1541790_38-Per_rep1.cg.txt --chip k9ac work/condense_seq/GSM1541804_38-Per_1_K9ac_macs2_peaks.bed k27ac work/condense_seq/GSM1541800_38-Per_1_K27ac_macs2_peaks.bed k4me3 work/condense_seq/GSM1541808_38-Per_1_K4me3_macs2_peaks.bed k36me3 work/condense_seq/GSM1541812_38-Per_1_K36me3_solid_rseg.bed2 k27me3 work/condense_seq/GSM1541816_38-Per_1_K27me3_rseg.bed2 k9me2 work/condense_seq/GSM1541820_38-Per_1_K9me2_rseg.bed2 k9me3 work/condense_seq/GSM1541824_38-Per_1_K9me3_rseg.bed2 -o hg19_chr1_10001win5001step --Bin 10001 5001 --chr chr1
submit_scripts/python-submit	135	commented	data/scripts/profile_edit.py	python_script	#python data/scripts/profile_edit.py data/sp_spd_tests_detail/hg19_chr1_occ.cn work/condense_seq/Homo_sapiens.GRCh37.87.gtf work/condense_seq/hg19.fa --skip --chr chr1 -o hg19_chr1_gtf_TSS_occ --feature TSS --up 1000 --down 2000
submit_scripts/python-submit	136	commented	data/scripts/profile_edit.py	python_script	#python data/scripts/profile_edit.py data/sp_spd_tests_detail/hg19_chr1_occ.cn work/condense_seq/Homo_sapiens.GRCh37.87.gtf work/condense_seq/hg19.fa --skip --chr chr1 -o hg19_chr1_gtf_TTS_occ --feature TTS --up 2000 --down 1000
submit_scripts/python-submit	137	commented	data/scripts/profile_edit.py	python_script	#python data/scripts/profile_edit.py data/sp_spd_tests_detail/hg19_chr1_occ.cn work/condense_seq/Homo_sapiens.GRCh37.87.gtf work/condense_seq/hg19.fa --skip --chr chr1 -o hg19_chr1_gtf_TSS_TTS_occ --feature TSS-TTS --up 2500 --down 2500
submit_scripts/python-submit	141	commented	data/scripts/motif.py	python_script	#python data/scripts/motif.py data/sp_spd_tests_detail/hg19_chr1_peak.cn work/condense_seq/hg19.fa -o hg19_chr1 --chr chr1
submit_scripts/python-submit	144	commented	data/scripts/profile_edit.py	python_script	#python data/scripts/profile_edit.py data/sp_spd_tests_detail/hg19_chr1_167win25step_anot.cn work/condense_seq/Homo_sapiens.GRCh37.87.gtf work/condense_seq/hg19.fa --skip --chr chr1 -o hg19_chr1_gtf_TSS --feature TSS --up 1000 --down 2000
submit_scripts/python-submit	145	commented	data/scripts/profile_edit.py	python_script	#python data/scripts/profile_edit.py data/sp_spd_tests_detail/hg19_chr1_167win25step_anot.cn work/condense_seq/Homo_sapiens.GRCh37.87.gtf work/condense_seq/hg19.fa --skip --chr chr1 -o hg19_chr1_gtf_TTS --feature TTS --up 2000 --down 1000
submit_scripts/python-submit	146	commented	data/scripts/profile_edit.py	python_script	#python data/scripts/profile_edit.py data/sp_spd_tests_detail/hg19_chr1_167win25step_anot.cn work/condense_seq/Homo_sapiens.GRCh37.87.gtf work/condense_seq/hg19.fa --skip --chr chr1 -o hg19_chr1_gtf_TSS_TTS --feature TSS-TTS --up 2500 --down 2500
submit_scripts/python-submit	152	commented	work/scripts/lendist.py	python_script	#python work/scripts/lendist.py ${path}H1-NCP-sp-4.bam ${path}H1-NCP-sp-8.bam ${path}H1-NCP-sp-0.bam -o ${path}H1_NCP_sp
submit_scripts/python-submit	155	commented	work/scripts/readlen.py	python_script	#python work/scripts/readlen.py ${path}H1-NCP-sp-4.bam ${path}H1-NCP-sp-8.bam ${path}H1-NCP-sp-0.bam --chr chr1 -o ${path}H1_NCP_sp
submit_scripts/python-submit	158	commented	work/scripts/occupancy_edit.py	python_script	#python work/scripts/occupancy_edit.py ${path}H1-NCP-sp-4.bam ${path}H1-NCP-sp-8.bam ${path}H1-NCP-sp-0.bam ${path}hg38.fa --skip --chr chr1 -o ${path}H1_NCP_sp_chr1
submit_scripts/python-submit	161	commented	work/scripts/bincount.py	python_script	#python work/scripts/bincount.py ${path}H1-NCP-sp-4.bam ${path}H1-NCP-sp-8.bam ${path}H1-NCP-sp-0.bam ${path}hg38.fa -o ${path}H1_NCP_sp_1kb --g
submit_scripts/python-submit	162	commented	work/scripts/bincount_edit.py	python_script	#python work/scripts/bincount_edit.py ${path}H1-NCP-sp-4.bam ${path}H1-NCP-sp-8.bam ${path}H1-NCP-sp-0.bam ${path}hg38.fa -o ${path}H1_NCP_sp_1kb_tlen --gc --tlen
submit_scripts/python-submit	165	commented	work/scripts/coverage.py	python_script	#python work/scripts/coverage.py ${path}H1-NCP-sp-4.bam ${path}H1-NCP-sp-8.bam ${path}H1-NCP-sp-0.bam ${path}hg38.fa --chr chr1 --skip -o ${path}H1_NCP_sp_chr1
submit_scripts/python-submit	168	commented	work/scripts/NCPpeak.py	python_script	#python work/scripts/NCPpeak.py ${path}H1-NCP-sp-4.bam ${path}H1-NCP-sp-8.bam ${path}H1-NCP-sp-0.bam ${path}hg38.fa --chr chr1 --skip -o ${path}H1_NCP_sp_chr1
submit_scripts/python-submit	171	commented	work/scripts/NCPcov.py	python_script	#python work/scripts/NCPcov.py ${path}H1_NCP_sp_chr1_peak.cn ${path}H1_NCP_sp_chr1_cov.cn --Nlen 171 --peak-choice input --chr chr1 -o ${path}H1_NCP_sp_chr1
submit_scripts/python-submit	174	commented	work/scripts/Binsig.py	python_script	#python work/scripts/Binsig.py ${path}H1_NCP_sp_chr1_cov.cn ${path}hg38.fa --chr chr1 -o ${path}H1_NCP_sp_chr1_167win25step_cov
submit_scripts/python-submit	177	commented	work/scripts/Binsig_edit.py	python_script	#python work/scripts/Binsig_edit.py ${path}H1_NCP_sp_chr1_rlen.cn ${path}hg38.fa --chr chr1 --mean -o ${path}H1_NCP_sp_chr1_167win25step_rlen
submit_scripts/python-submit	180	commented	work/scripts/Binsig.py	python_script	#python work/scripts/Binsig.py ${path}H1_NCP_sp_chr1_cov.cn ${path}hg38.fa --chr chr1 -o ${path}H1_NCP_sp_chr1_1001win501step_cov --Bsize 1001 --Bstep 501
submit_scripts/python-submit	183	commented	work/scripts/Binsig.py	python_script	#python work/scripts/Binsig.py ${path}H1_NCP_sp_chr1_cov.cn ${path}hg38.fa --chr chr1 -o ${path}H1_NCP_sp_chr1_10001win5001step_cov --Bsize 10001 --Bstep 5001
submit_scripts/python-submit	187	commented	work/scripts/combine_annot_edit.py	python_script	#python work/scripts/combine_annot_edit.py ${path}H1_NCP_sp_chr1_Ncov.cn ${path}hg38.fa --bs CpG ${path}CpG.bed --chip H2AFZ ${path}H2AFZ.bed H3k27ac ${path}H3K27ac.bed H3K27me3 ${path}H3K27me3.bed H3K36me3 ${path}H3K36me3.bed H3K4me1 ${path}H3K4me1.bed H3K4me2 ${path}H3K4me2.bed H3K4me3 ${path}H3K4me3.bed H3K79me2 ${path}H3K79me2.bed H3K9ac ${path}H3K9ac.bed H3K9me3 ${path}H3K9me3.bed H4k20me1 ${path}H4K20me1.bed -o ${path}H1_NCP_sp_chr1 --Nlen 171 --chr chr1 --full-seq
submit_scripts/python-submit	190	commented	work/scripts/combine_annot_edit.py	python_script	#python work/scripts/combine_annot_edit.py ${path}H1_NCP_sp_chr1_167win25step_cov_Bsig.cn ${path}hg38.fa --bs CpG ${path}CpG.bed --chip H2AFZ ${path}H2AFZ.bed H3k27ac ${path}H3K27ac.bed H3K27me3 ${path}H3K27me3.bed H3K36me3 ${path}H3K36me3.bed H3K4me1 ${path}H3K4me1.bed H3K4me2 ${path}H3K4me2.bed H3K4me3 ${path}H3K4me3.bed H3K79me2 ${path}H3K79me2.bed H3K9ac ${path}H3K9ac.bed H3K9me3 ${path}H3K9me3.bed H4k20me1 ${path}H4K20me1.bed -o ${path}H1_NCP_sp_chr1_167win25step --chr chr1 --Bin 167 25
submit_scripts/python-submit	193	commented	work/scripts/combine_annot_edit.py	python_script	#python work/scripts/combine_annot_edit.py ${path}H1_NCP_sp_chr1_1001win501step_cov_Bsig.cn ${path}hg38.fa --bs CpG ${path}CpG.bed --chip H2AFZ ${path}H2AFZ.bed H3k27ac ${path}H3K27ac.bed H3K27me3 ${path}H3K27me3.bed H3K36me3 ${path}H3K36me3.bed H3K4me1 ${path}H3K4me1.bed H3K4me2 ${path}H3K4me2.bed H3K4me3 ${path}H3K4me3.bed H3K79me2 ${path}H3K79me2.bed H3K9ac ${path}H3K9ac.bed H3K9me3 ${path}H3K9me3.bed H4k20me1 ${path}H4K20me1.bed -o ${path}H1_NCP_sp_chr1_1001win501step --chr chr1 --Bin 1001 501
submit_scripts/python-submit	196	commented	work/scripts/combine_annot_edit.py	python_script	#python work/scripts/combine_annot_edit.py  ${path}H1_NCP_sp_chr1_10001win5001step_cov_Bsig.cn ${path}hg38.fa --bs CpG ${path}CpG.bed --chip H2AFZ ${path}H2AFZ.bed H3k27ac ${path}H3K27ac.bed H3K27me3 ${path}H3K27me3.bed H3K36me3 ${path}H3K36me3.bed H3K4me1 ${path}H3K4me1.bed H3K4me2 ${path}H3K4me2.bed H3K4me3 ${path}H3K4me3.bed H3K79me2 ${path}H3K79me2.bed H3K9ac ${path}H3K9ac.bed H3K9me3 ${path}H3K9me3.bed H4k20me1 ${path}H4K20me1.bed -o ${path}H1_NCP_sp_chr1_10001win5001step --chr chr1 --Bin 10001 5001
submit_scripts/python-submit	200	commented	work/scripts/profile_edit.py	python_script	#python work/scripts/profile_edit.py ${path}H1_NCP_sp_chr1_occ.cn ${path}ENCFF159KBI.gtf ${path}hg38.fa --skip --chr chr1 -o ${path}H1_NCP_sp_chr1_TSS_occ --feature TSS --up 1000 --down 2000
submit_scripts/python-submit	201	commented	work/scripts/profile_edit.py	python_script	#python work/scripts/profile_edit.py ${path}H1_NCP_sp_chr1_occ.cn ${path}ENCFF159KBI.gtf ${path}hg38.fa --skip --chr chr1 -o ${path}H1_NCP_sp_chr1_TTS_occ --feature TTS --up 2000 --down 1000
submit_scripts/python-submit	202	commented	work/scripts/profile_edit.py	python_script	#python work/scripts/profile_edit.py ${path}H1_NCP_sp_chr1_occ.cn ${path}ENCFF159KBI.gtf ${path}hg38.fa --skip --chr chr1 -o ${path}H1_NCP_sp_chr1_TSS_TTS_occ --feature TSS-TTS --up 2500 --down 2500
submit_scripts/python-submit	205	commented	work/scripts/profile_edit.py	python_script	#python work/scripts/profile_edit.py ${path}H1_ATAC_foldchange_Bsig.cn ${path}ENCFF159KBI.gtf ${path}hg38.fa --skip --chr chr1 -o ${path}H1_ATAC_foldchange_TSS --feature TSS --up 1000 --down 2000
submit_scripts/python-submit	206	commented	work/scripts/profile_edit.py	python_script	#python work/scripts/profile_edit.py ${path}H1_ATAC_foldchange_Bsig.cn ${path}ENCFF159KBI.gtf ${path}hg38.fa --skip --chr chr1 -o ${path}H1_ATAC_foldchange_TTS --feature TTS --up 2000 --down 1000
submit_scripts/python-submit	207	commented	work/scripts/profile_edit.py	python_script	#python work/scripts/profile_edit.py ${path}H1_ATAC_foldchange_Bsig.cn ${path}ENCFF159KBI.gtf ${path}hg38.fa --skip --chr chr1 -o ${path}H1_ATAC_foldchange_TSS_TTS --feature TSS-TTS --up 2500 --down 2500
submit_scripts/python-submit	212	commented	work/scripts/motif.py	python_script	#python work/scripts/motif.py ${path}H1_NCP_sp_chr1_peak.cn ${path}hg38.fa -o ${path}H1_NCP_sp_chr1 --chr chr1 --Mlen 151
submit_scripts/python-submit	215	commented	work/scripts/profile_edit.py	python_script	#python work/scripts/profile_edit.py ${path}H1_NCP_sp_chr1_167win25step_anot.cn ${path}ENCFF159KBI.gtf ${path}hg38.fa --skip --chr chr1 -o ${path}H1_NCP_sp_chr1_TSS --feature TSS --up 1000 --down 2000
submit_scripts/python-submit	216	commented	work/scripts/profile_edit.py	python_script	#python work/scripts/profile_edit.py ${path}H1_NCP_sp_chr1_167win25step_anot.cn ${path}ENCFF159KBI.gtf ${path}hg38.fa --skip --chr chr1 -o ${path}H1_NCP_sp_chr1_TTS --feature TTS --up 2000 --down 1000
submit_scripts/python-submit	217	commented	work/scripts/profile_edit.py	python_script	#python work/scripts/profile_edit.py ${path}H1_NCP_sp_chr1_167win25step_anot.cn ${path}ENCFF159KBI.gtf ${path}hg38.fa --skip --chr chr1 -o ${path}H1_NCP_sp_chr1_TSS_TTS --feature TSS-TTS --up 2500 --down 2500
submit_scripts/python-submit	224	commented	work/scripts/coverage.py	python_script	#python work/scripts/coverage.py ${path}H1-NCP-sp-4.bam ${path}H1-NCP-sp-8.bam ${path}H1-NCP-sp-0.bam ${path}hg38.fa --chr chr1 --skip -o ${path}H1_NCP_sp_chr1
submit_scripts/python-submit	227	commented	work/scripts/NCPpeak.py	python_script	#python work/scripts/NCPpeak.py ${path}H1-NCP-sp-4.bam ${path}H1-NCP-sp-8.bam ${path}H1-NCP-sp-0.bam ${path}hg38.fa --chr chr1 --skip -o ${path}H1_NCP_sp_chr1
submit_scripts/python-submit	230	commented	work/scripts/NCPcov.py	python_script	#python work/scripts/NCPcov.py ${path}H1_NCP_sp_chr1_peak.cn ${path}H1_NCP_sp_chr1_cov.cn --Nlen 171 --peak-choice input --chr chr1 -o ${path}H1_NCP_sp_chr1
submit_scripts/qc_submit	42	commented	data/scripts/read_qc.py	python_script	#python data/scripts/read_qc.py ${files[0]} ${files[1]} ${files[2]} ${files[3]} -o $outfname
submit_scripts/qc_submit	43	active	data/scripts/read_qc.py	python_script	python data/scripts/read_qc.py ${files[0]} ${files[1]} -o $outfname
submit_scripts/qc_submit	44	commented	data/scripts/read_qc.py	python_script	#python data/scripts/read_qc.py ${files[0]} -o $outfname
submit_scripts/readcount-submit	50	active	/home/spark159/scratch/scripts/readcount.py	python_script	python2 /home/spark159/scratch/scripts/readcount.py ${files[*]} ${refname} --chr ${chr_name} --scale ${scale} -o ${outfname}
submit_scripts/rgs-submit	38	active	data/scripts/rgs_submit.py	python_script	python data/scripts/rgs_submit.py $infname --bethe -o $outfname --cycle 10000000 --replica 10 --max-root 100 --sigma 1
submit_scripts/slide-submit	34	commented	sort.py	python_script	#python sort.py data/slide_seq/H5TYLBCX2_2_ACAGTG_1_trimmed.fq data/slide_seq/H5TYLBCX2_2_ACAGTG_2_trimmed.fq data/slide_seq/polyAscanlib -s
submit_scripts/slide-submit	35	active	sort.py	python_script	python sort.py data/slide_seq/H5TYLBCX2_2_ACTTGA_1_trimmed.fq data/slide_seq/H5TYLBCX2_2_ACTTGA_2_trimmed.fq data/slide_seq/polyAscanlib -s
submit_scripts/slide-submit	36	commented	sort.py	python_script	#python sort.py data/slide_seq/H5TYLBCX2_2_GCCAAT_1_trimmed.fq data/slide_seq/H5TYLBCX2_2_GCCAAT_2_trimmed.fq data/slide_seq/polyAscanlib -s
submit_scripts/slide-submit	37	commented	sort.py	python_script	#python sort.py data/slide_seq/H5TYLBCX2_2_GGCTAC_1_trimmed.fq data/slide_seq/H5TYLBCX2_2_GGCTAC_2_trimmed.fq data/slide_seq/polyAscanlib -s
submit_scripts/slide-submit	38	commented	sort.py	python_script	#python sort.py data/slide_seq/H5TYLBCX2_2_TTAGGC_1_trimmed.fq data/slide_seq/H5TYLBCX2_2_TTAGGC_2_trimmed.fq data/slide_seq/polyAscanlib -s
submit_scripts/slide-submit	40	commented	sort.py	python_script	#python sort.py data/slide_seq/Ascan0_S1_L001_R1_001.fastq data/slide_seq/Ascan0_S1_L001_R2_001.fastq data/slide_seq/polyAscanlib
submit_scripts/slide-submit	41	commented	sort.py	python_script	#python sort.py data/slide_seq/Ascan5_S1_L001_R1_001.fastq data/slide_seq/Ascan5_S1_L001_R2_001.fastq data/slide_seq/polyAscanlib
submit_scripts/slide-submit	43	commented	sort.py	python_script	#python sort.py data/slide_seq/Ascan5_S1_L001_R1_001.fastq data/slide_seq/Ascan5_S1_L001_R2_001.fastq data/slide_seq/polyAscanlib -s
submit_scripts/slide-submit_edit	48	active	${path}sort_final.py	python_script	python2 ${path}sort_final.py ${infname1} ${infname2} ${refname} -o ${outfname} --dw
submit_scripts/submit_extended_ENCODE.py	71	active			subprocess.call(["sbatch", "annot_submit", "-f",infname, "-x", refname, "-c", chr, "-o", outfname, "-b", bs_files, "-h", chip_files])
submit_scripts/submit_test	42	commented	data/scripts/bincount.py	python_script	#python data/scripts/bincount.py ${files[1]} ${files[2]} ${files[3]} ${files[4]} ${files[5]} ${files[6]} ${files[7]} ${files[0]} work/condense_seq/hg19.fa -o $outfname -w 1000 --gc
submit_scripts/submit_test	44	commented	data/scripts/bincount.py	python_script	#python data/scripts/bincount.py ${files[1]} ${files[2]} ${files[3]} ${files[4]} ${files[5]} ${files[6]} ${files[7]} ${files[0]} $refname -o $outfname -w 1000 --gc
submit_scripts/submit_test	46	commented	work/scripts/bincount.py	python_script	#python work/scripts/bincount.py ${files[1]} ${files[2]} ${files[3]} ${files[4]} ${files[5]} ${files[0]} ${refname} -o ${outfname} -w ${winsize} --gc
submit_scripts/submit_test	48	commented	work/scripts/lendist.py	python_script	#python work/scripts/lendist.py ${files[1]} ${files[2]} ${files[3]} ${files[4]} ${files[5]} ${files[0]} -o ${outfname}
submit_scripts/submit_test	50	commented	work/scripts/lendist.py	python_script	#python work/scripts/lendist.py ${files[*]} -o ${outfname}
submit_scripts/submit_test	52	commented	/home/spark159/scratch4-tha4/sangwoo/scripts/lendist.py	python_script	#python2 /home/spark159/scratch4-tha4/sangwoo/scripts/lendist.py ${files[*]} -o ${outfname}
submit_scripts/submit_test	56	active	test.py	python_script	python2 test.py
submit_scripts/test.py	6	active			samtools_proc = subprocess.Popen(" ".join(samtools_cmd), shell=True, stdout=subprocess.PIPE, stderr=subprocess.PIPE)
submit_scripts/test.py	14	commented			#subprocess.call(" ".join(samtools_cmd), shell=True)
submit_scripts/test.py	16	commented			#os.system('module load samtools/1.15.1 ')
submit_scripts/test.py	17	commented			#subprocess.call("samtools view -h", shell=True)
submit_scripts/test.py	19	commented			#subprocess.call('module load samtools/1.15.1 | samtools  view /home/spark159/scratch4-tha4/sangwoo/2022_07_04_GM_NCP/GM-NCP-PEG-1.bam | head', shell=True)
submit_scripts/test.py	24	commented			#subprocess.call("PATH=$PATH:.", shell=True)
submit_scripts/test.py	25	commented			#subprocess.call(". shell_scrpt.sh", shell=True)
submit_scripts/test.py	26	commented			#subprocess.call(samtools_cmd)
submit_scripts/test.py	27	commented			#subprocess.call("ml samtools | samtools view -h", shell=True)
submit_scripts/test.py	28	commented			#subprocess.call("ml samtools | samtools view /home/spark159/scratch4-tha4/sangwoo/2022_07_04_GM_NCP/GM-NCP-PEG-1.bam | head", shell=True)
submit_scripts/test.py	29	commented			#subprocess.call("ls -l", shell=True)
